seed,level,arm,settle,stage_at_call,phase_at_call,elapsed_at_call,already_green,latency_relay,latency_fixed,green_hold_relay,level_name
10000,0.6,E,109.35,YELLOW,NS,1.0,0,3.650101985798898,12.650101985798898,73.0,light
10001,0.6,N,82.75,GREEN,NS,17.5,1,0.2451921738144165,21.745192173814416,79.5,light
10002,0.6,N,86.79,GREEN,NS,35.5,1,0.20931056702305284,17.709310567023053,76.5,light
10003,0.6,N,144.8,GREEN,NS,35.5,1,0.1999307846266447,0.1999307846266447,77.5,light
10004,0.6,N,112.8,GREEN,EW,0.5,0,6.198243304807548,0.19824330480754782,70.5,light
10005,0.6,W,136.01,YELLOW,NS,0.0,0,4.9928622368285005,20.9928622368285,72.0,light
10006,0.6,S,68.58,YELLOW,NS,2.5,0,8.915296147021138,0.915296147021138,71.0,light
10007,0.6,E,70.79,YELLOW,EW,2.5,0,8.714966808306173,16.214966808306173,68.0,light
10008,0.6,W,57.38,YELLOW,EW,1.5,0,9.623452904820823,0.12345290482082305,67.0,light
10009,0.6,E,78.25,ALLRED,EW,0.0,0,10.251779727215876,8.751779727215876,66.5,light
10010,0.6,E,106.12,YELLOW,NS,0.0,0,4.877876105948459,15.87787610594846,72.0,light
10011,0.6,E,57.86,YELLOW,NS,0.0,0,4.644220274828612,0.1442202748286121,72.0,light
10012,0.6,N,94.62,YELLOW,NS,0.5,0,10.882959798609718,9.882959798609718,67.0,light
10013,0.6,N,82.64,GREEN,EW,1.5,0,8.360465085157074,21.860465085157074,68.5,light
10014,0.6,E,90.4,YELLOW,NS,0.0,0,4.60180740314587,0.10180740314586956,72.0,light
10015,0.6,S,55.65,GREEN,NS,26.0,1,0.3468670639296647,13.846867063929665,77.5,light
10016,0.6,N,94.67,YELLOW,EW,0.0,0,4.830838261121485,9.830838261121485,75.0,light
10017,0.6,W,114.67,GREEN,EW,0.0,1,0.3289926767692464,7.328992676769246,76.5,light
10018,0.6,S,103.07,GREEN,NS,4.0,1,0.4309075052970286,1.4309075052970286,76.5,light
10019,0.6,N,99.36,GREEN,NS,16.5,1,0.14104129973836166,5.141041299738362,76.5,light
10020,0.6,N,129.87,GREEN,NS,39.5,1,0.1273109610631309,9.627310961063131,79.5,light
10021,0.6,S,109.14,YELLOW,NS,0.5,0,12.85988328293864,0.3598832829386396,73.0,light
10022,0.6,W,127.29,YELLOW,NS,0.0,0,4.710974052646989,0.2109740526469892,72.0,light
10023,0.6,S,115.2,ALLRED,NS,1.0,0,6.798473262198087,0.2984732621980868,71.0,light
10024,0.6,N,58.41,GREEN,NS,21.5,1,0.09207575120312583,11.092075751203126,76.5,light
10025,0.6,S,96.22,GREEN,NS,20.0,1,0.2849017285081459,8.284901728508146,79.5,light
10026,0.6,E,107.57,GREEN,NS,0.5,0,9.433214602273551,14.433214602273551,67.5,light
10027,0.6,W,66.21,GREEN,NS,2.0,0,7.789133720833377,20.789133720833377,69.0,light
10028,0.6,S,78.84,YELLOW,EW,1.0,0,3.658366087658891,0.15836608765889082,73.5,light
10029,0.6,W,61.74,ALLRED,NS,0.5,0,1.2567692598254894,0.25676925982548937,75.5,light
10030,0.6,E,111.81,YELLOW,NS,0.0,0,4.68582522509449,10.18582522509449,72.0,light
10031,0.6,N,82.32,GREEN,NS,10.0,1,0.17598442438956852,22.17598442438957,79.5,light
10032,0.6,W,40.53,GREEN,NS,2.5,0,6.465430704216693,11.465430704216693,70.5,light
10033,0.6,S,106.43,GREEN,NS,11.5,1,0.07324399194941122,0.07324399194941122,76.5,light
10034,0.6,N,100.71,GREEN,NS,6.0,1,0.2904005976067907,3.7904005976067907,76.5,light
10035,0.6,N,132.66,YELLOW,NS,2.0,0,9.344786956854364,6.844786956854364,67.5,light
10036,0.6,N,79.06,YELLOW,NS,2.5,0,10.94365152512556,0.44365152512555994,66.0,light
10037,0.6,W,55.11,YELLOW,NS,0.0,0,4.8928465307198366,0.39284653071983655,72.0,light
10038,0.6,E,51.09,YELLOW,NS,0.0,0,4.907484758313267,0.9074847583132666,72.0,light
10039,0.6,W,69.11,YELLOW,EW,2.5,0,11.886839206445117,17.886839206445117,65.0,light
10040,0.6,E,125.65,ALLRED,NS,0.5,0,1.3451919360347517,0.34519193603475173,75.5,light
10041,0.6,E,145.89,GREEN,NS,2.0,0,7.60509937584294,11.10509937584294,69.0,light
10042,0.6,W,83.2,YELLOW,NS,0.0,0,4.795696341863902,3.795696341863902,72.0,light
10043,0.6,E,50.13,ALLRED,EW,0.0,0,11.368990875019058,1.8689908750190583,65.5,light
10044,0.6,W,63.94,GREEN,NS,0.5,0,9.059552418762927,0.05955241876292661,67.5,light
10045,0.6,N,73.03,GREEN,NS,28.5,1,0.47467242976108537,0.47467242976108537,79.5,light
10046,0.6,W,77.51,GREEN,EW,2.0,1,0.49300307429547274,9.493003074295473,76.5,light
10047,0.6,E,97.44,GREEN,NS,1.0,0,5.55909432914423,0.05909432914423007,71.0,light
10048,0.6,W,116.24,GREEN,EW,3.0,1,0.25655560389205334,5.756555603892053,76.5,light
10049,0.6,W,40.82,YELLOW,NS,0.0,0,4.678929821512767,11.178929821512767,72.0,light
10050,0.6,W,62.49,YELLOW,NS,0.0,0,4.510885912766625,0.010885912766624983,72.0,light
10051,0.6,W,83.41,YELLOW,NS,0.0,0,4.58732175266185,3.5873217526618504,72.0,light
10052,0.6,W,95.34,YELLOW,NS,0.0,0,4.658105502087295,0.15810550208729524,72.0,light
10053,0.6,W,99.27,ALLRED,NS,0.0,0,1.7294127028633284,0.22941270286332838,75.0,light
10054,0.6,N,126.14,ALLRED,EW,0.0,0,1.8550915277061648,13.355091527706165,75.0,light
10055,0.6,W,112.42,YELLOW,NS,0.0,0,4.576265446299786,9.576265446299786,72.0,light
10056,0.6,N,153.52,GREEN,NS,23.5,1,0.4832058235301133,20.983205823530113,79.5,light
10057,0.6,E,47.7,ALLRED,EW,1.0,0,10.296503811272018,4.296503811272018,66.5,light
10058,0.6,E,67.32,YELLOW,EW,1.5,0,12.677071427582405,19.677071427582405,64.0,light
10059,0.6,E,76.45,YELLOW,NS,0.0,0,4.547251187102631,10.547251187102631,72.0,light
10060,0.6,S,96.29,YELLOW,EW,2.0,0,2.7086009949455843,8.208600994945584,75.0,light
10061,0.6,W,115.09,YELLOW,EW,2.0,0,9.409008886012572,6.909008886012572,67.5,light
10062,0.6,W,92.15,GREEN,NS,4.0,0,5.851839445504012,0.35183944550401236,71.0,light
10063,0.6,W,63.9,YELLOW,NS,1.5,0,3.0950590420146824,0.0950590420146824,73.5,light
10064,0.6,E,153.03,YELLOW,NS,0.0,0,4.971374355677597,3.9713743556775967,72.0,light
10065,0.6,S,142.2,YELLOW,NS,0.5,0,10.796688727945877,0.2966887279458774,67.0,light
10066,0.6,N,82.8,YELLOW,EW,0.0,0,4.703690096320997,21.703690096320997,72.0,light
10067,0.6,E,81.82,YELLOW,NS,0.0,0,4.678102377054159,5.178102377054159,72.0,light
10068,0.6,N,40.65,YELLOW,NS,0.5,0,10.851731501862098,0.3517315018620977,66.0,light
10069,0.6,S,77.67,GREEN,NS,35.5,1,0.3314792806944524,0.3314792806944524,76.5,light
10070,0.6,E,147.65,GREEN,EW,1.5,1,0.3532381907667741,9.353238190766774,76.5,light
10071,0.6,W,64.47,GREEN,EW,2.0,1,0.027201649491189528,0.027201649491189528,76.5,light
10072,0.6,W,144.57,YELLOW,NS,0.0,0,4.927042521251224,12.427042521251224,72.0,light
10073,0.6,N,154.31,YELLOW,EW,0.5,0,4.188750797879436,20.188750797879436,72.5,light
10074,0.6,S,43.69,YELLOW,EW,1.0,0,3.8121913781537202,0.3121913781537202,73.0,light
10075,0.6,W,113.22,GREEN,EW,5.0,1,0.2775090057862428,8.777509005786243,76.5,light
10076,0.6,N,134.0,GREEN,NS,8.0,1,0.49612819108301665,5.496128191083017,76.5,light
10077,0.6,N,52.33,ALLRED,NS,0.0,0,8.16947894100575,17.16947894100575,69.5,light
10078,0.6,S,159.06,GREEN,NS,31.0,1,0.4370973301372487,15.437097330137249,76.5,light
10079,0.6,E,79.22,YELLOW,NS,0.0,0,4.7774893057053305,7.7774893057053305,72.0,light
10080,0.6,W,143.42,GREEN,EW,4.5,1,0.07986311819203706,13.579863118192037,76.5,light
10081,0.6,S,64.7,GREEN,NS,4.5,1,0.295906475576146,4.795906475576146,77.5,light
10082,0.6,S,51.23,ALLRED,NS,0.0,0,8.273720596513556,18.273720596513556,69.5,light
10083,0.6,S,92.43,GREEN,NS,29.5,1,0.06666379506681608,12.066663795066816,77.5,light
10084,0.6,E,112.66,GREEN,EW,6.5,1,0.3445420494686431,9.344542049468643,76.5,light
10085,0.6,S,105.43,GREEN,NS,18.0,1,0.07295539727489597,0.07295539727489597,79.5,light
10086,0.6,N,45.23,GREEN,NS,9.0,1,0.27246907317477564,0.27246907317477564,79.5,light
10087,0.6,S,124.31,GREEN,NS,0.5,1,0.19458371023098664,15.194583710230987,79.5,light
10088,0.6,S,48.48,GREEN,NS,16.5,1,0.019804449685722147,21.019804449685722,76.5,light
10089,0.6,N,135.47,GREEN,NS,24.5,1,0.03338729844483623,4.033387298444836,76.5,light
10090,0.6,N,145.68,ALLRED,NS,1.0,0,7.816171967303063,0.3161719673030632,69.0,light
10091,0.6,W,151.23,YELLOW,EW,0.5,0,10.772521080398178,5.772521080398178,66.0,light
10092,0.6,N,87.15,GREEN,NS,2.0,1,0.3499782753306988,17.3499782753307,90.5,light
10093,0.6,W,44.65,YELLOW,NS,0.0,0,4.848978116108057,7.348978116108057,72.0,light
10094,0.6,E,146.18,YELLOW,NS,0.0,0,4.821296384351882,10.821296384351882,72.0,light
10095,0.6,W,48.0,YELLOW,NS,0.0,0,4.999905257524475,3.9999052575244747,72.0,light
10096,0.6,N,79.67,GREEN,NS,12.5,1,0.3312390535842269,0.3312390535842269,79.5,light
10097,0.6,W,40.76,YELLOW,NS,0.0,0,4.738429261899135,11.238429261899135,72.0,light
10098,0.6,N,128.11,GREEN,NS,28.0,1,0.38646430353264805,11.386464303532648,76.5,light
10099,0.6,W,77.13,YELLOW,EW,2.5,0,10.868955625578053,9.868955625578053,66.0,light
10100,0.6,E,146.75,YELLOW,NS,0.0,0,4.750857593440003,10.250857593440003,72.0,light
10101,0.6,S,129.79,YELLOW,NS,1.0,0,10.20574875278578,9.70574875278578,80.5,light
10102,0.6,S,121.8,ALLRED,NS,0.0,0,10.200392943946852,17.700392943946852,69.5,light
10103,0.6,N,77.93,GREEN,NS,7.5,1,0.06999490999506008,0.06999490999506008,76.5,light
10104,0.6,W,115.36,ALLRED,NS,0.0,0,1.6359675123492678,6.635967512349268,75.0,light
10105,0.6,E,48.96,ALLRED,EW,0.5,0,7.539259818077248,3.039259818077248,69.0,light
10106,0.6,N,58.4,GREEN,NS,3.5,1,0.09857780225283364,11.098577802252834,79.5,light
10107,0.6,W,42.52,GREEN,NS,0.5,0,8.480968843335859,9.480968843335859,68.5,light
10108,0.6,W,113.89,YELLOW,NS,0.0,0,4.61379634582984,8.11379634582984,72.0,light
10109,0.6,W,113.91,GREEN,NS,0.5,0,6.087554882240383,8.087554882240383,70.5,light
10110,0.6,W,87.81,YELLOW,NS,0.0,0,4.686139257489771,0.18613925748977067,72.0,light
10111,0.6,E,155.23,YELLOW,NS,0.0,0,4.772624176331249,1.7726241763312487,72.0,light
10112,0.6,E,52.24,YELLOW,NS,0.0,0,4.755407968395758,0.2554079683957582,72.0,light
10113,0.6,E,119.57,YELLOW,NS,0.0,0,4.934689824542744,2.434689824542744,72.0,light
10114,0.6,E,44.43,GREEN,NS,1.5,0,5.0671842327924,7.5671842327924,71.5,light
10115,0.6,S,110.31,GREEN,NS,13.0,1,0.19106543090643413,0.19106543090643413,76.5,light
10116,0.6,E,140.29,YELLOW,NS,0.0,0,4.7140940798398105,16.71409407983981,72.0,light
10117,0.6,E,90.69,ALLRED,NS,1.0,0,0.8105650820208297,0.31056508202082966,76.0,light
10118,0.6,N,80.44,GREEN,NS,14.0,1,0.059194607169786195,0.059194607169786195,76.5,light
10119,0.6,W,141.95,YELLOW,NS,0.0,0,4.554247087594263,15.054247087594263,72.0,light
10120,0.6,W,149.22,YELLOW,NS,0.0,0,4.779066275235664,7.779066275235664,72.0,light
10121,0.6,S,113.31,GREEN,NS,4.5,1,0.18710713373108945,0.18710713373108945,77.5,light
10122,0.6,S,135.66,GREEN,NS,10.5,1,0.34478687949678033,3.8447868794967803,79.5,light
10123,0.6,N,84.94,GREEN,NS,18.5,1,0.06339222376169573,19.563392223761696,79.5,light
10124,0.6,E,51.98,GREEN,NS,3.0,0,6.524603522402543,0.024603522402543376,70.0,light
10125,0.6,S,78.19,GREEN,NS,4.5,1,0.31053801316262764,0.31053801316262764,79.5,light
10126,0.6,N,76.68,GREEN,NS,26.0,1,0.3169871750291122,0.3169871750291122,77.5,light
10127,0.6,S,67.21,GREEN,NS,9.0,1,0.2882184368694567,2.2882184368694567,76.5,light
10128,0.6,S,105.8,GREEN,NS,88.0,1,0.1973084740150881,0.1973084740150881,76.5,light
10129,0.6,W,119.72,YELLOW,NS,0.0,0,4.77869111973439,2.2786911197343898,72.0,light
10130,0.6,E,145.46,GREEN,NS,0.0,0,8.535514673385592,11.535514673385592,68.0,light
10131,0.6,W,136.63,YELLOW,NS,0.0,0,4.869587802726244,20.369587802726244,72.0,light
10132,0.6,W,151.99,ALLRED,NS,1.0,0,0.5070950787255128,5.007095078725513,76.0,light
10133,0.6,W,150.86,YELLOW,EW,1.0,0,13.136412331245367,6.136412331245367,63.5,light
10134,0.6,N,60.29,ALLRED,EW,0.0,0,1.7060709269195868,9.206070926919587,76.0,light
10135,0.6,W,81.98,YELLOW,NS,0.0,0,4.52128917158042,5.02128917158042,72.0,light
10136,0.6,S,118.27,GREEN,NS,45.5,1,0.2318361456480602,21.23183614564806,76.5,light
10137,0.6,E,80.97,GREEN,NS,3.0,0,6.534127702359314,6.034127702359314,70.0,light
10138,0.6,W,89.66,YELLOW,NS,0.0,0,4.839149737327489,0.33914973732748877,72.0,light
10139,0.6,W,57.67,YELLOW,EW,1.0,0,13.33458147464168,0.33458147464168064,63.5,light
10140,0.6,N,94.89,GREEN,NS,44.5,1,0.11097377296195532,9.610973772961955,79.5,light
10141,0.6,E,80.21,YELLOW,NS,0.0,0,4.794837182334618,6.794837182334618,72.0,light
10142,0.6,E,151.79,YELLOW,NS,0.0,0,4.70787181732706,5.20787181732706,72.0,light
10143,0.6,W,42.39,YELLOW,EW,0.5,0,13.612410482153948,9.612410482153948,63.0,light
10144,0.6,W,94.92,YELLOW,NS,0.0,0,4.58223916326385,0.08223916326384995,72.0,light
10145,0.6,E,140.19,GREEN,NS,0.0,0,7.307424838900715,16.807424838900715,69.5,light
10146,0.6,S,158.24,YELLOW,EW,0.0,0,4.764508581711652,16.264508581711652,73.0,light
10147,0.6,S,140.38,GREEN,NS,70.0,1,0.11888519571999723,0.11888519571999723,77.5,light
10148,0.6,E,75.56,YELLOW,NS,0.0,0,4.943886150017946,11.443886150017946,72.0,light
10149,0.6,W,74.02,GREEN,EW,6.5,1,0.475353437929698,12.975353437929698,76.5,light
10150,0.6,S,89.34,GREEN,EW,0.0,0,6.6554867024380115,15.155486702438012,71.0,light
10151,0.6,S,69.95,GREEN,NS,9.0,1,0.04634147523887577,0.04634147523887577,76.5,light
10152,0.6,S,42.04,GREEN,NS,0.5,1,0.46129677684041326,0.46129677684041326,79.5,light
10153,0.6,N,47.28,YELLOW,EW,0.0,0,4.723622371750132,22.223622371750132,73.0,light
10154,0.6,W,79.59,YELLOW,NS,1.5,0,3.412130121173874,7.412130121173874,73.5,light
10155,0.6,N,144.1,GREEN,NS,30.0,1,0.3979137209446435,0.3979137209446435,76.5,light
10156,0.6,W,124.44,YELLOW,NS,0.0,0,4.561016438114734,0.06101643811473423,72.0,light
10157,0.6,E,71.82,GREEN,NS,1.0,0,7.682765534258294,15.182765534258294,69.0,light
10158,0.6,S,49.23,GREEN,NS,24.0,1,0.270457355809107,20.270457355809107,79.5,light
10159,0.6,N,134.74,GREEN,NS,18.0,1,0.2607047810928691,4.760704781092869,77.5,light
10160,0.6,S,92.03,GREEN,NS,14.0,1,0.4699511939262493,12.46995119392625,77.5,light
10161,0.6,W,151.17,YELLOW,NS,0.0,0,4.825273885738625,5.825273885738625,72.0,light
10162,0.6,W,155.73,GREEN,NS,2.0,0,7.7721551024090445,1.2721551024090445,69.0,light
10163,0.6,N,104.18,YELLOW,EW,0.0,0,4.823046260157824,0.3230462601578239,86.0,light
10164,0.6,S,46.83,YELLOW,EW,0.5,0,4.168689384242619,0.1686893842426187,73.5,light
10165,0.6,N,73.97,GREEN,NS,41.0,1,0.0263492782690804,0.0263492782690804,77.5,light
10166,0.6,S,150.71,GREEN,EW,0.0,0,6.787597238763624,0.28759723876362386,71.0,light
10167,0.6,N,129.06,ALLRED,EW,0.5,0,1.4366492823198769,10.436649282319877,78.5,light
10168,0.6,N,95.65,YELLOW,EW,2.0,0,2.8506247210971623,8.850624721097162,75.0,light
10169,0.6,W,154.64,YELLOW,NS,0.0,0,4.86327306668872,2.36327306668872,72.0,light
10170,0.6,W,142.14,ALLRED,NS,1.0,0,0.8579167035892965,14.857916703589297,76.0,light
10171,0.6,S,72.74,GREEN,NS,15.5,1,0.25703552004262065,0.25703552004262065,76.5,light
10172,0.6,N,81.41,GREEN,EW,0.5,0,6.090193091714525,0.09019309171452505,70.5,light
10173,0.6,E,81.42,YELLOW,NS,0.0,0,4.584679398592002,5.584679398592002,72.0,light
10174,0.6,E,44.9,ALLRED,EW,0.0,0,10.095337023236922,7.095337023236922,66.5,light
10175,0.6,S,68.78,YELLOW,EW,2.5,0,2.2210113209970643,0.7210113209970643,75.5,light
10176,0.6,E,99.77,GREEN,EW,1.5,1,0.2315711142903325,22.231571114290333,76.5,light
10177,0.6,N,103.41,GREEN,NS,26.0,1,0.08741691729764511,1.0874169172976451,79.5,light
10178,0.6,N,45.67,GREEN,NS,22.5,1,0.32568289015224394,0.32568289015224394,79.5,light
10179,0.6,N,62.32,YELLOW,EW,1.0,0,3.6755025721276127,7.175502572127613,73.0,light
10180,0.6,N,135.72,ALLRED,EW,0.0,0,1.7771703192996142,3.777170319299614,76.0,light
10181,0.6,S,62.63,GREEN,NS,14.5,1,0.3711274353620553,6.871127435362055,76.5,light
10182,0.6,N,156.79,YELLOW,EW,0.0,0,4.705520215439833,17.705520215439833,73.0,light
10183,0.6,N,130.99,GREEN,NS,7.5,1,0.011908964844252523,8.511908964844253,76.5,light
10184,0.6,W,118.3,YELLOW,NS,0.0,0,4.7031167426294616,3.7031167426294616,72.0,light
10185,0.6,W,142.4,GREEN,NS,3.0,0,5.596608902919485,14.596608902919485,71.0,light
10186,0.6,E,77.05,YELLOW,NS,0.0,0,4.948699351662029,9.948699351662029,72.0,light
10187,0.6,W,152.05,YELLOW,NS,0.0,0,4.953688599923083,4.953688599923083,72.0,light
10188,0.6,E,65.02,YELLOW,NS,0.0,0,4.98104395446623,21.98104395446623,72.0,light
10189,0.6,N,138.96,GREEN,NS,6.0,1,0.03752161223519579,0.5375216122351958,77.5,light
10190,0.6,E,133.48,YELLOW,NS,1.0,0,3.52384260330237,0.02384260330236998,73.0,light
10191,0.6,W,73.01,GREEN,NS,0.5,0,9.491511382182608,13.991511382182608,67.5,light
10192,0.6,W,62.8,YELLOW,NS,0.0,0,4.698540318976313,0.1985403189763133,72.0,light
10193,0.6,N,49.55,GREEN,NS,5.0,1,0.4461128520675004,19.9461128520675,76.5,light
10194,0.6,W,63.37,GREEN,NS,2.0,0,7.631899220372716,0.13189922037271629,69.0,light
10195,0.6,W,90.4,GREEN,EW,3.0,1,0.10411932214161368,0.10411932214161368,76.5,light
10196,0.6,S,92.14,YELLOW,EW,0.5,0,4.35615110105563,12.35615110105563,73.5,light
10197,0.6,N,53.5,GREEN,EW,1.5,0,5.499713249407989,15.99971324940799,71.5,light
10198,0.6,W,128.46,YELLOW,NS,1.0,0,3.5426631328757594,0.0426631328757594,73.0,light
10199,0.6,W,98.85,ALLRED,NS,0.5,0,1.1516561225219277,0.15165612252192773,75.5,light
10200,0.6,S,130.28,GREEN,NS,0.5,1,0.22291052126925592,9.222910521269256,79.5,light
10201,0.6,N,90.69,GREEN,EW,1.0,0,5.809940338161709,13.80994033816171,72.0,light
10202,0.6,E,95.62,GREEN,EW,4.0,1,0.37974476819448455,0.37974476819448455,76.5,light
10203,0.6,N,43.38,GREEN,EW,1.5,0,5.124265659833867,0.12426565983386695,74.5,light
10204,0.6,W,150.05,GREEN,EW,2.0,1,0.44949706416724666,6.949497064167247,76.5,light
10205,0.6,S,125.5,GREEN,NS,29.0,1,0.003084262590249409,14.00308426259025,77.5,light
10206,0.6,N,52.59,YELLOW,NS,1.0,0,10.406223303643415,16.906223303643415,66.5,light
10207,0.6,W,131.83,YELLOW,NS,0.0,0,4.67403181574349,0.17403181574348991,72.0,light
10208,0.6,W,71.67,YELLOW,NS,0.0,0,4.826729852719069,15.326729852719069,72.0,light
10209,0.6,E,59.87,YELLOW,NS,0.0,0,4.634357995904551,0.13435799590455133,72.0,light
10210,0.6,S,55.95,GREEN,NS,30.0,1,0.04938025676545266,13.549380256765453,76.5,light
10211,0.6,E,110.31,YELLOW,NS,0.0,0,4.69296774893985,11.69296774893985,72.0,light
10212,0.6,W,131.8,YELLOW,NS,0.0,0,4.702234795766714,0.20223479576671366,72.0,light
10213,0.6,S,79.15,GREEN,NS,5.5,1,0.354049359335292,0.354049359335292,77.5,light
10214,0.6,W,120.17,GREEN,EW,1.0,1,0.3347041091205796,1.8347041091205796,76.5,light
10215,0.6,W,119.53,ALLRED,NS,0.0,0,1.9732896808655482,2.4732896808655482,75.0,light
10216,0.6,W,119.88,YELLOW,NS,0.0,0,4.62143793047332,2.12143793047332,72.0,light
10217,0.6,S,138.24,GREEN,EW,1.5,0,5.257632723799588,1.2576327237995883,71.5,light
10218,0.6,N,89.66,GREEN,NS,1.5,1,0.3417724485565259,14.841772448556526,76.5,light
10219,0.6,S,139.62,ALLRED,EW,0.5,0,1.3846448498463815,0.3846448498463815,76.5,light
10220,0.6,S,137.07,GREEN,NS,24.5,1,0.42566680227463394,2.425666802274634,77.5,light
10221,0.6,N,66.24,GREEN,NS,5.5,1,0.2641692299434908,3.264169229943491,79.5,light
10222,0.6,E,157.66,GREEN,NS,1.5,0,5.344233962373892,0.3442339623738917,71.5,light
10223,0.6,E,120.22,YELLOW,NS,0.0,0,4.779316020995225,1.7793160209952248,72.0,light
10224,0.6,N,76.92,ALLRED,NS,0.0,0,8.083352837954635,0.0833528379546351,69.5,light
10225,0.6,N,43.58,GREEN,NS,11.0,1,0.4235973340590462,0.4235973340590462,77.5,light
10226,0.6,E,101.78,YELLOW,NS,2.0,0,2.72230308508486,20.22230308508486,74.0,light
10227,0.6,E,42.03,GREEN,NS,2.0,0,6.974980108169582,9.974980108169582,70.0,light
10228,0.6,E,132.79,GREEN,NS,0.0,0,7.210300100043185,0.21030010004318456,69.5,light
10229,0.6,E,79.8,YELLOW,EW,2.5,0,10.697148156953546,7.197148156953546,66.0,light
10230,0.6,W,150.28,GREEN,NS,0.5,0,8.223426438305125,6.723426438305125,68.5,light
10231,0.6,N,92.12,YELLOW,EW,0.0,0,4.875680468992229,12.375680468992229,75.0,light
10232,0.6,N,75.31,GREEN,NS,1.5,1,0.19483529519672516,0.19483529519672516,76.5,light
10233,0.6,E,129.15,YELLOW,NS,0.0,0,4.8502024661303835,0.3502024661303835,72.0,light
10234,0.6,E,107.42,YELLOW,EW,1.5,0,9.58287901691493,14.58287901691493,67.0,light
10235,0.6,S,77.58,GREEN,NS,8.5,1,0.415932523656636,0.415932523656636,77.5,light
10236,0.6,N,44.28,GREEN,EW,0.0,0,6.722676802442827,0.22267680244282673,71.0,light
10237,0.6,S,89.77,YELLOW,EW,2.0,0,2.733542033041374,14.733542033041374,75.0,light
10238,0.6,E,101.37,YELLOW,NS,0.0,0,4.631407306750873,20.631407306750873,72.0,light
10239,0.6,S,64.26,GREEN,NS,26.5,1,0.24359771934054208,5.243597719340542,79.5,light
10240,0.6,S,54.29,YELLOW,EW,0.5,0,4.208412632414721,15.20841263241472,72.5,light
10241,0.6,E,84.48,GREEN,EW,12.5,1,0.02312014092385084,2.523120140923851,76.5,light
10242,0.6,N,75.38,GREEN,NS,33.5,1,0.12224913735946075,0.12224913735946075,77.5,light
10243,0.6,S,89.37,GREEN,NS,16.0,1,0.12665117687780025,15.1266511768778,76.5,light
10244,0.6,S,48.91,YELLOW,EW,0.0,0,4.590840010290805,20.590840010290805,72.5,light
10245,0.6,N,92.83,YELLOW,NS,1.5,0,11.17429974741458,11.67429974741458,66.5,light
10246,0.6,W,131.83,YELLOW,NS,0.0,0,4.667344025725129,0.16734402572512863,72.0,light
10247,0.6,N,138.66,ALLRED,NS,1.0,0,7.340713911216767,0.840713911216767,69.5,light
10248,0.6,N,118.99,GREEN,NS,22.5,1,0.008605315132427904,20.508605315132428,76.5,light
10249,0.6,N,77.98,ALLRED,EW,0.0,0,1.5192418806904868,0.019241880690486823,76.0,light
10250,0.6,S,74.51,GREEN,NS,13.0,1,0.48806468239379797,0.48806468239379797,79.5,light
10251,0.6,N,51.96,GREEN,NS,14.5,1,0.04071664283085141,17.54071664283085,76.5,light
10252,0.6,S,141.57,GREEN,NS,42.0,1,0.4292567325758512,0.4292567325758512,76.5,light
10253,0.6,E,158.81,YELLOW,EW,0.5,0,10.689609673001769,0.1896096730017689,66.0,light
10254,0.6,W,105.01,YELLOW,NS,0.0,0,4.985333376650033,16.985333376650033,72.0,light
10255,0.6,W,66.43,ALLRED,EW,1.0,0,9.074359158344109,20.57435915834411,67.5,light
10256,0.6,W,48.38,YELLOW,EW,2.0,0,11.118662540124554,3.6186625401245536,65.5,light
10257,0.6,W,86.55,YELLOW,NS,0.0,0,4.9527754603980725,0.4527754603980725,72.0,light
10258,0.6,S,69.45,GREEN,NS,50.0,1,0.045365273734390144,0.045365273734390144,77.5,light
10259,0.6,W,54.2,YELLOW,EW,1.0,0,10.301903126898608,0.3019031268986083,66.5,light
10260,0.6,W,115.04,YELLOW,NS,0.0,0,4.956560237962179,6.956560237962179,72.0,light
10261,0.6,S,54.26,GREEN,EW,1.5,0,5.2396304628431665,15.239630462843166,72.5,light
10262,0.6,N,47.42,YELLOW,EW,0.0,0,4.580149219417613,22.080149219417613,73.0,light
10263,0.6,E,90.62,YELLOW,NS,0.0,0,4.884184518773793,0.3841845187737931,72.0,light
10264,0.6,E,59.01,GREEN,EW,1.5,1,0.4914316031146342,0.4914316031146342,76.5,light
10265,0.6,E,83.81,YELLOW,NS,0.0,0,4.693559408793149,3.193559408793149,72.0,light
10266,0.6,N,67.1,GREEN,NS,49.5,1,0.39541712903120185,2.395417129031202,77.5,light
10267,0.6,S,46.35,YELLOW,NS,0.5,0,12.646051628608745,0.14605162860874543,67.0,light
10268,0.6,E,138.2,GREEN,EW,11.5,1,0.3039912070900641,18.803991207090064,76.5,light
10269,0.6,E,153.74,YELLOW,NS,1.5,0,3.2592143004401635,3.2592143004401635,73.5,light
10270,0.6,W,84.98,YELLOW,NS,0.0,0,4.517212238946001,2.0172122389460014,72.0,light
10271,0.6,E,71.2,YELLOW,NS,0.0,0,4.797879428546281,15.797879428546281,72.0,light
10272,0.6,N,92.76,GREEN,NS,14.0,1,0.24018700563364348,11.740187005633643,76.5,light
10273,0.6,W,109.46,GREEN,NS,1.5,0,7.038645290376792,12.538645290376792,69.5,light
10274,0.6,S,74.49,YELLOW,EW,2.0,0,2.5141839523613783,0.01418395236137826,75.0,light
10275,0.6,N,44.62,YELLOW,NS,2.0,0,9.377813444763092,0.37781344476309187,70.5,light
10276,0.6,W,137.52,YELLOW,NS,0.0,0,4.977011556611018,19.477011556611018,72.0,light
10277,0.6,E,58.58,YELLOW,NS,0.0,0,4.917697854493298,0.4176978544932979,72.0,light
10278,0.6,W,146.87,YELLOW,EW,1.0,0,10.132202422985642,10.132202422985642,66.5,light
10279,0.6,W,114.32,GREEN,EW,22.5,1,0.1832891506616363,7.683289150661636,76.5,light
10280,0.6,N,117.21,ALLRED,NS,0.5,0,7.7886516068534775,22.288651606853477,69.0,light
10281,0.6,N,41.0,GREEN,NS,9.0,1,0.49661233725198883,0.49661233725198883,76.5,light
10282,0.6,W,52.41,YELLOW,NS,0.0,0,4.590170774362058,0.09017077436205767,72.0,light
10283,0.6,E,132.95,YELLOW,NS,0.0,0,4.552007509227678,0.05200750922767838,72.0,light
10284,0.6,N,149.05,GREEN,NS,1.0,1,0.44856234085617075,0.44856234085617075,77.5,light
10285,0.6,S,71.11,GREEN,NS,4.5,1,0.39130813551652466,0.39130813551652466,77.5,light
10286,0.6,S,138.32,ALLRED,NS,0.0,0,10.179912815184707,1.1799128151847071,67.5,light
10287,0.6,E,105.49,GREEN,EW,11.5,1,0.008612649664584637,16.508612649664585,76.5,light
10288,0.6,W,51.49,YELLOW,NS,0.0,0,4.506840737300109,0.5068407373001094,72.0,light
10289,0.6,W,46.34,YELLOW,NS,1.5,0,3.1612398229127834,5.661239822912783,73.5,light
10290,0.6,W,71.66,ALLRED,EW,0.0,0,10.339621608383823,15.339621608383823,66.5,light
10291,0.6,E,118.13,YELLOW,NS,0.0,0,4.865201549944459,3.8652015499444587,72.0,light
10292,0.6,S,81.41,GREEN,NS,16.5,1,0.08881090286773485,0.08881090286773485,76.5,light
10293,0.6,S,135.18,GREEN,NS,1.5,1,0.3237164515741142,4.323716451574114,76.5,light
10294,0.6,W,158.83,GREEN,EW,0.5,1,0.17292077714913034,0.17292077714913034,76.5,light
10295,0.6,W,154.03,YELLOW,NS,0.0,0,4.97038579070238,2.9703857907023803,72.0,light
10296,0.6,E,118.38,ALLRED,NS,0.0,0,1.6197794176890312,3.619779417689031,75.0,light
10297,0.6,N,113.2,GREEN,NS,0.0,1,0.304735595060734,0.304735595060734,76.5,light
10298,0.6,S,146.16,GREEN,NS,3.5,1,0.3403245622708937,0.3403245622708937,76.5,light
10299,0.6,E,68.06,GREEN,EW,1.5,1,0.4404898643863788,18.94048986438638,76.5,light
10000,1.0,E,109.35,GREEN,NS,0.0,0,9.650101985798898,12.650101985798898,67.0,medium
10001,1.0,N,82.75,GREEN,NS,17.5,1,0.2451921738144165,21.745192173814416,76.5,medium
10002,1.0,N,86.79,GREEN,NS,21.5,1,0.20931056702305284,17.709310567023053,76.5,medium
10003,1.0,N,144.8,GREEN,NS,4.0,1,0.1999307846266447,0.1999307846266447,76.5,medium
10004,1.0,N,112.8,YELLOW,EW,1.5,0,3.198243304807548,0.19824330480754782,73.5,medium
10005,1.0,W,136.01,YELLOW,NS,2.5,0,2.4928622368285005,20.9928622368285,74.5,medium
10006,1.0,S,68.58,YELLOW,NS,2.5,0,10.915296147021138,0.915296147021138,66.0,medium
10007,1.0,E,70.79,ALLRED,EW,1.0,0,10.214966808306173,16.214966808306173,66.5,medium
10008,1.0,W,57.38,GREEN,NS,2.5,0,6.123452904820823,0.12345290482082305,70.5,medium
10009,1.0,E,78.25,GREEN,NS,3.0,0,6.751779727215876,8.751779727215876,70.0,medium
10010,1.0,E,106.12,YELLOW,NS,0.0,0,4.877876105948459,15.87787610594846,72.0,medium
10011,1.0,E,57.86,YELLOW,NS,0.0,0,4.644220274828612,0.1442202748286121,72.0,medium
10012,1.0,N,94.62,GREEN,NS,2.0,1,0.3829597986097184,9.882959798609718,76.5,medium
10013,1.0,N,82.64,GREEN,EW,3.0,0,6.860465085157074,21.860465085157074,70.0,medium
10014,1.0,E,90.4,YELLOW,NS,0.0,0,4.60180740314587,0.10180740314586956,72.0,medium
10015,1.0,S,55.65,YELLOW,EW,0.5,0,4.346867063929665,13.846867063929665,72.5,medium
10016,1.0,N,94.67,GREEN,NS,5.0,1,0.3308382611214853,9.830838261121485,76.5,medium
10017,1.0,W,114.67,GREEN,EW,0.0,1,0.3289926767692464,7.328992676769246,76.5,medium
10018,1.0,S,103.07,GREEN,NS,1.0,1,0.4309075052970286,1.4309075052970286,76.5,medium
10019,1.0,N,99.36,GREEN,NS,3.0,1,0.14104129973836166,5.141041299738362,76.5,medium
10020,1.0,N,129.87,GREEN,NS,2.5,1,0.1273109610631309,9.627310961063131,76.5,medium
10021,1.0,S,109.14,GREEN,NS,29.5,1,0.3598832829386396,0.3598832829386396,76.5,medium
10022,1.0,W,127.29,GREEN,NS,1.0,0,7.710974052646989,0.2109740526469892,69.0,medium
10023,1.0,S,115.2,YELLOW,NS,2.5,0,8.798473262198087,0.2984732621980868,68.0,medium
10024,1.0,N,58.41,GREEN,EW,3.0,0,5.592075751203126,11.092075751203126,71.0,medium
10025,1.0,S,96.22,YELLOW,EW,0.0,0,4.784901728508146,8.284901728508146,72.0,medium
10026,1.0,E,107.57,YELLOW,NS,1.5,0,3.4332146022735515,14.433214602273551,73.5,medium
10027,1.0,W,66.21,GREEN,NS,2.5,0,7.289133720833377,20.789133720833377,69.5,medium
10028,1.0,S,78.84,YELLOW,NS,1.0,0,12.15836608765889,0.15836608765889082,64.5,medium
10029,1.0,W,61.74,ALLRED,EW,0.0,0,11.25676925982549,0.25676925982548937,65.5,medium
10030,1.0,E,111.81,YELLOW,NS,0.0,0,4.68582522509449,10.18582522509449,72.0,medium
10031,1.0,N,82.32,GREEN,NS,10.5,1,0.17598442438956852,22.17598442438957,77.5,medium
10032,1.0,W,40.53,YELLOW,NS,0.0,0,4.965430704216693,11.465430704216693,72.0,medium
10033,1.0,S,106.43,YELLOW,NS,2.0,0,11.073243991949411,0.07324399194941122,66.5,medium
10034,1.0,N,100.71,YELLOW,NS,2.5,0,8.79040059760679,3.7904005976067907,68.0,medium
10035,1.0,N,132.66,ALLRED,NS,0.5,0,9.844786956854364,6.844786956854364,67.0,medium
10036,1.0,N,79.06,GREEN,NS,9.0,1,0.44365152512555994,0.44365152512555994,76.5,medium
10037,1.0,W,55.11,GREEN,NS,3.5,0,6.3928465307198366,0.39284653071983655,70.5,medium
10038,1.0,E,51.09,YELLOW,EW,2.5,0,11.907484758313267,0.9074847583132666,65.0,medium
10039,1.0,W,69.11,GREEN,EW,4.0,1,0.38683920644511716,17.886839206445117,76.5,medium
10040,1.0,E,125.65,GREEN,EW,2.0,1,0.34519193603475173,0.34519193603475173,76.5,medium
10041,1.0,E,145.89,GREEN,NS,0.5,0,9.10509937584294,11.10509937584294,67.5,medium
10042,1.0,W,83.2,ALLRED,NS,1.0,0,0.795696341863902,3.795696341863902,76.0,medium
10043,1.0,E,50.13,GREEN,EW,0.0,1,0.36899087501905825,1.8689908750190583,76.5,medium
10044,1.0,W,63.94,ALLRED,EW,0.5,0,10.559552418762927,0.05955241876292661,66.0,medium
10045,1.0,N,73.03,GREEN,NS,9.0,1,0.47467242976108537,0.47467242976108537,76.5,medium
10046,1.0,W,77.51,ALLRED,NS,0.5,0,1.4930030742954727,9.493003074295473,75.5,medium
10047,1.0,E,97.44,YELLOW,NS,0.0,0,4.55909432914423,0.05909432914423007,72.0,medium
10048,1.0,W,116.24,ALLRED,EW,1.0,0,9.256555603892053,5.756555603892053,67.5,medium
10049,1.0,W,40.82,YELLOW,NS,1.5,0,3.1789298215127673,11.178929821512767,73.5,medium
10050,1.0,W,62.49,GREEN,NS,1.0,0,8.510885912766625,0.010885912766624983,68.0,medium
10051,1.0,W,83.41,YELLOW,NS,0.0,0,4.58732175266185,3.5873217526618504,72.0,medium
10052,1.0,W,95.34,YELLOW,NS,0.0,0,4.658105502087295,0.15810550208729524,72.0,medium
10053,1.0,W,99.27,GREEN,NS,1.0,0,8.729412702863328,0.22941270286332838,68.0,medium
10054,1.0,N,126.14,YELLOW,EW,0.5,0,4.355091527706165,13.355091527706165,72.5,medium
10055,1.0,W,112.42,ALLRED,NS,0.0,0,1.5762654462997858,9.576265446299786,75.0,medium
10056,1.0,N,153.52,GREEN,NS,4.0,1,0.4832058235301133,20.983205823530113,76.5,medium
10057,1.0,E,47.7,GREEN,EW,0.0,1,0.29650381127201797,4.296503811272018,76.5,medium
10058,1.0,E,67.32,ALLRED,NS,0.0,0,1.6770714275824048,19.677071427582405,75.0,medium
10059,1.0,E,76.45,YELLOW,NS,0.0,0,4.547251187102631,10.547251187102631,72.0,medium
10060,1.0,S,96.29,ALLRED,NS,1.0,0,7.208600994945584,8.208600994945584,69.5,medium
10061,1.0,W,115.09,YELLOW,NS,0.0,0,4.909008886012572,6.909008886012572,72.0,medium
10062,1.0,W,92.15,GREEN,EW,2.0,1,0.35183944550401236,0.35183944550401236,76.5,medium
10063,1.0,W,63.9,YELLOW,NS,0.0,0,4.595059042014682,0.0950590420146824,72.0,medium
10064,1.0,E,153.03,GREEN,NS,0.5,0,9.471374355677597,3.9713743556775967,67.5,medium
10065,1.0,S,142.2,GREEN,NS,6.0,1,0.2966887279458774,0.2966887279458774,77.5,medium
10066,1.0,N,82.8,GREEN,NS,3.0,1,0.20369009632099733,21.703690096320997,76.5,medium
10067,1.0,E,81.82,GREEN,NS,1.5,0,8.17810237705416,5.178102377054159,68.5,medium
10068,1.0,N,40.65,GREEN,NS,3.5,1,0.3517315018620977,0.3517315018620977,76.5,medium
10069,1.0,S,77.67,YELLOW,NS,1.0,0,12.331479280694452,0.3314792806944524,64.5,medium
10070,1.0,E,147.65,YELLOW,NS,0.5,0,4.353238190766774,9.353238190766774,72.5,medium
10071,1.0,W,64.47,YELLOW,EW,2.5,0,10.52720164949119,0.027201649491189528,66.0,medium
10072,1.0,W,144.57,YELLOW,NS,0.0,0,4.927042521251224,12.427042521251224,72.0,medium
10073,1.0,N,154.31,YELLOW,EW,0.0,0,4.688750797879436,20.188750797879436,72.0,medium
10074,1.0,S,43.69,GREEN,NS,3.0,1,0.3121913781537202,0.3121913781537202,76.5,medium
10075,1.0,W,113.22,GREEN,NS,1.0,0,8.777509005786243,8.777509005786243,68.0,medium
10076,1.0,N,134.0,GREEN,NS,19.5,1,0.49612819108301665,5.496128191083017,76.5,medium
10077,1.0,N,52.33,GREEN,NS,1.0,1,0.16947894100574956,17.16947894100575,76.5,medium
10078,1.0,S,159.06,YELLOW,EW,0.0,0,4.937097330137249,15.437097330137249,72.0,medium
10079,1.0,E,79.22,YELLOW,NS,0.0,0,4.7774893057053305,7.7774893057053305,72.0,medium
10080,1.0,W,143.42,YELLOW,NS,0.0,0,4.579863118192037,13.579863118192037,72.0,medium
10081,1.0,S,64.7,GREEN,NS,5.5,1,0.295906475576146,4.795906475576146,77.5,medium
10082,1.0,S,51.23,YELLOW,EW,0.5,0,4.273720596513556,18.273720596513556,72.5,medium
10083,1.0,S,92.43,GREEN,NS,6.0,1,0.06666379506681608,12.066663795066816,76.5,medium
10084,1.0,E,112.66,YELLOW,NS,0.0,0,4.844542049468643,9.344542049468643,72.0,medium
10085,1.0,S,105.43,YELLOW,EW,0.0,0,4.572955397274896,0.07295539727489597,72.0,medium
10086,1.0,N,45.23,YELLOW,NS,2.0,0,9.772469073174776,0.27246907317477564,67.0,medium
10087,1.0,S,124.31,GREEN,NS,2.5,1,0.19458371023098664,15.194583710230987,77.5,medium
10088,1.0,S,48.48,GREEN,NS,14.5,1,0.019804449685722147,21.019804449685722,76.5,medium
10089,1.0,N,135.47,GREEN,EW,1.5,0,6.033387298444836,4.033387298444836,71.5,medium
10090,1.0,N,145.68,GREEN,EW,0.0,0,9.316171967303063,0.3161719673030632,67.5,medium
10091,1.0,W,151.23,GREEN,EW,2.0,1,0.27252108039817813,5.772521080398178,76.5,medium
10092,1.0,N,87.15,GREEN,NS,7.5,1,0.3499782753306988,17.3499782753307,79.5,medium
10093,1.0,W,44.65,YELLOW,NS,0.0,0,4.848978116108057,7.348978116108057,72.0,medium
10094,1.0,E,146.18,GREEN,EW,1.5,1,0.3212963843518821,10.821296384351882,76.5,medium
10095,1.0,W,48.0,YELLOW,NS,0.0,0,4.999905257524475,3.9999052575244747,72.0,medium
10096,1.0,N,79.67,GREEN,NS,1.0,1,0.3312390535842269,0.3312390535842269,76.5,medium
10097,1.0,W,40.76,GREEN,EW,0.5,1,0.23842926189913527,11.238429261899135,76.5,medium
10098,1.0,N,128.11,GREEN,NS,9.5,1,0.38646430353264805,11.386464303532648,76.5,medium
10099,1.0,W,77.13,GREEN,NS,2.0,0,7.868955625578053,9.868955625578053,69.0,medium
10100,1.0,E,146.75,YELLOW,NS,0.0,0,4.750857593440003,10.250857593440003,72.0,medium
10101,1.0,S,129.79,GREEN,EW,0.5,0,6.20574875278578,9.70574875278578,71.5,medium
10102,1.0,S,121.8,YELLOW,EW,0.0,0,4.700392943946852,17.700392943946852,72.0,medium
10103,1.0,N,77.93,GREEN,NS,4.5,1,0.06999490999506008,0.06999490999506008,76.5,medium
10104,1.0,W,115.36,ALLRED,NS,0.5,0,1.1359675123492678,6.635967512349268,75.5,medium
10105,1.0,E,48.96,YELLOW,NS,2.0,0,2.539259818077248,3.039259818077248,74.0,medium
10106,1.0,N,58.4,YELLOW,EW,1.0,0,3.5985778022528336,11.098577802252834,74.0,medium
10107,1.0,W,42.52,GREEN,NS,1.0,0,8.980968843335859,9.480968843335859,68.0,medium
10108,1.0,W,113.89,GREEN,NS,2.0,0,7.61379634582984,8.11379634582984,69.0,medium
10109,1.0,W,113.91,YELLOW,NS,0.0,0,4.587554882240383,8.087554882240383,72.0,medium
10110,1.0,W,87.81,YELLOW,EW,1.0,0,13.18613925748977,0.18613925748977067,63.5,medium
10111,1.0,E,155.23,ALLRED,EW,0.0,0,8.272624176331249,1.7726241763312487,68.5,medium
10112,1.0,E,52.24,YELLOW,NS,0.0,0,4.755407968395758,0.2554079683957582,72.0,medium
10113,1.0,E,119.57,YELLOW,NS,0.0,0,4.934689824542744,2.434689824542744,72.0,medium
10114,1.0,E,44.43,YELLOW,NS,0.0,0,4.5671842327924,7.5671842327924,72.0,medium
10115,1.0,S,110.31,GREEN,NS,15.0,1,0.19106543090643413,0.19106543090643413,76.5,medium
10116,1.0,E,140.29,YELLOW,NS,0.0,0,4.7140940798398105,16.71409407983981,72.0,medium
10117,1.0,E,90.69,ALLRED,NS,1.0,0,0.8105650820208297,0.31056508202082966,76.0,medium
10118,1.0,N,80.44,GREEN,NS,15.5,1,0.059194607169786195,0.059194607169786195,76.5,medium
10119,1.0,W,141.95,YELLOW,NS,0.0,0,4.554247087594263,15.054247087594263,72.0,medium
10120,1.0,W,149.22,YELLOW,NS,0.0,0,4.779066275235664,7.779066275235664,72.0,medium
10121,1.0,S,113.31,ALLRED,EW,0.0,0,1.6871071337310894,0.18710713373108945,76.0,medium
10122,1.0,S,135.66,GREEN,NS,38.5,1,0.34478687949678033,3.8447868794967803,76.5,medium
10123,1.0,N,84.94,GREEN,NS,4.0,1,0.06339222376169573,19.563392223761696,76.5,medium
10124,1.0,E,51.98,GREEN,EW,1.5,1,0.024603522402543376,0.024603522402543376,76.5,medium
10125,1.0,S,78.19,YELLOW,EW,0.5,0,4.310538013162628,0.31053801316262764,75.5,medium
10126,1.0,N,76.68,YELLOW,EW,0.0,0,4.816987175029112,0.3169871750291122,72.0,medium
10127,1.0,S,67.21,ALLRED,NS,0.5,0,10.788218436869457,2.2882184368694567,66.5,medium
10128,1.0,S,105.8,GREEN,NS,3.0,1,0.1973084740150881,0.1973084740150881,77.5,medium
10129,1.0,W,119.72,ALLRED,EW,0.0,0,11.27869111973439,2.2786911197343898,65.5,medium
10130,1.0,E,145.46,ALLRED,NS,1.0,0,0.5355146733855918,11.535514673385592,76.0,medium
10131,1.0,W,136.63,YELLOW,NS,0.0,0,4.869587802726244,20.369587802726244,72.0,medium
10132,1.0,W,151.99,GREEN,EW,1.0,1,0.007095078725512849,5.007095078725513,76.5,medium
10133,1.0,W,150.86,YELLOW,NS,2.0,0,2.636412331245367,6.136412331245367,74.0,medium
10134,1.0,N,60.29,YELLOW,EW,0.0,0,4.706070926919587,9.206070926919587,72.5,medium
10135,1.0,W,81.98,YELLOW,NS,0.0,0,4.52128917158042,5.02128917158042,72.0,medium
10136,1.0,S,118.27,GREEN,NS,4.5,1,0.2318361456480602,21.23183614564806,76.5,medium
10137,1.0,E,80.97,GREEN,EW,7.0,1,0.034127702359313616,6.034127702359314,76.5,medium
10138,1.0,W,89.66,ALLRED,NS,0.5,0,1.3391497373274888,0.33914973732748877,75.5,medium
10139,1.0,W,57.67,YELLOW,NS,2.0,0,2.8345814746416806,0.33458147464168064,74.0,medium
10140,1.0,N,94.89,ALLRED,NS,1.0,0,7.110973772961955,9.610973772961955,69.5,medium
10141,1.0,E,80.21,YELLOW,NS,1.0,0,3.794837182334618,6.794837182334618,73.0,medium
10142,1.0,E,151.79,GREEN,NS,1.0,0,5.70787181732706,5.20787181732706,71.0,medium
10143,1.0,W,42.39,ALLRED,EW,0.5,0,10.612410482153948,9.612410482153948,66.0,medium
10144,1.0,W,94.92,GREEN,NS,2.5,0,7.08223916326385,0.08223916326384995,69.5,medium
10145,1.0,E,140.19,GREEN,EW,5.0,1,0.30742483890071526,16.807424838900715,76.5,medium
10146,1.0,S,158.24,GREEN,NS,18.5,1,0.26450858171165237,16.264508581711652,77.5,medium
10147,1.0,S,140.38,GREEN,NS,3.5,1,0.11888519571999723,0.11888519571999723,76.5,medium
10148,1.0,E,75.56,YELLOW,EW,1.5,0,12.943886150017946,11.443886150017946,64.0,medium
10149,1.0,W,74.02,GREEN,NS,4.0,0,5.975353437929698,12.975353437929698,71.0,medium
10150,1.0,S,89.34,GREEN,NS,8.0,1,0.15548670243801155,15.155486702438012,76.5,medium
10151,1.0,S,69.95,GREEN,NS,0.5,1,0.04634147523887577,0.04634147523887577,76.5,medium
10152,1.0,S,42.04,GREEN,NS,10.0,1,0.46129677684041326,0.46129677684041326,76.5,medium
10153,1.0,N,47.28,YELLOW,EW,0.0,0,4.723622371750132,22.223622371750132,72.0,medium
10154,1.0,W,79.59,GREEN,NS,3.0,0,6.412130121173874,7.412130121173874,70.5,medium
10155,1.0,N,144.1,GREEN,NS,1.0,1,0.3979137209446435,0.3979137209446435,76.5,medium
10156,1.0,W,124.44,YELLOW,NS,0.0,0,4.561016438114734,0.06101643811473423,72.0,medium
10157,1.0,E,71.82,GREEN,NS,3.5,0,6.182765534258294,15.182765534258294,70.5,medium
10158,1.0,S,49.23,GREEN,NS,28.5,1,0.270457355809107,20.270457355809107,76.5,medium
10159,1.0,N,134.74,GREEN,NS,8.5,1,0.2607047810928691,4.760704781092869,76.5,medium
10160,1.0,S,92.03,ALLRED,EW,1.0,0,0.9699511939262493,12.46995119392625,76.0,medium
10161,1.0,W,151.17,YELLOW,NS,1.5,0,3.325273885738625,5.825273885738625,73.5,medium
10162,1.0,W,155.73,GREEN,NS,2.0,0,7.7721551024090445,1.2721551024090445,69.0,medium
10163,1.0,N,104.18,YELLOW,EW,1.5,0,3.323046260157824,0.3230462601578239,73.5,medium
10164,1.0,S,46.83,GREEN,EW,0.0,0,8.668689384242619,0.1686893842426187,68.0,medium
10165,1.0,N,73.97,GREEN,NS,23.5,1,0.0263492782690804,0.0263492782690804,76.5,medium
10166,1.0,S,150.71,YELLOW,NS,1.5,0,9.787597238763624,0.28759723876362386,67.0,medium
10167,1.0,N,129.06,ALLRED,EW,0.0,0,1.9366492823198769,10.436649282319877,75.0,medium
10168,1.0,N,95.65,GREEN,NS,9.0,1,0.35062472109716225,8.850624721097162,79.5,medium
10169,1.0,W,154.64,YELLOW,NS,0.0,0,4.86327306668872,2.36327306668872,72.0,medium
10170,1.0,W,142.14,GREEN,EW,1.5,1,0.3579167035892965,14.857916703589297,76.5,medium
10171,1.0,S,72.74,GREEN,EW,0.0,0,6.757035520042621,0.25703552004262065,70.0,medium
10172,1.0,N,81.41,GREEN,EW,0.0,0,9.590193091714525,0.09019309171452505,67.0,medium
10173,1.0,E,81.42,YELLOW,NS,0.0,0,4.584679398592002,5.584679398592002,72.0,medium
10174,1.0,E,44.9,ALLRED,EW,0.0,0,11.095337023236922,7.095337023236922,65.5,medium
10175,1.0,S,68.78,ALLRED,EW,0.0,0,1.7210113209970643,0.7210113209970643,75.0,medium
10176,1.0,E,99.77,GREEN,EW,1.0,1,0.2315711142903325,22.231571114290333,76.5,medium
10177,1.0,N,103.41,GREEN,NS,3.0,1,0.08741691729764511,1.0874169172976451,76.5,medium
10178,1.0,N,45.67,YELLOW,NS,1.5,0,11.825682890152244,0.32568289015224394,66.0,medium
10179,1.0,N,62.32,GREEN,EW,1.5,0,5.675502572127613,7.175502572127613,71.0,medium
10180,1.0,N,135.72,GREEN,EW,2.5,0,7.277170319299614,3.777170319299614,69.5,medium
10181,1.0,S,62.63,GREEN,NS,19.0,1,0.3711274353620553,6.871127435362055,76.5,medium
10182,1.0,N,156.79,GREEN,NS,0.5,1,0.205520215439833,17.705520215439833,76.5,medium
10183,1.0,N,130.99,GREEN,NS,6.5,1,0.011908964844252523,8.511908964844253,76.5,medium
10184,1.0,W,118.3,YELLOW,NS,0.0,0,4.7031167426294616,3.7031167426294616,72.0,medium
10185,1.0,W,142.4,YELLOW,EW,1.5,0,12.596608902919485,14.596608902919485,64.0,medium
10186,1.0,E,77.05,YELLOW,NS,1.0,0,3.948699351662029,9.948699351662029,73.0,medium
10187,1.0,W,152.05,YELLOW,NS,0.0,0,4.953688599923083,4.953688599923083,72.0,medium
10188,1.0,E,65.02,YELLOW,NS,0.0,0,4.98104395446623,21.98104395446623,72.0,medium
10189,1.0,N,138.96,GREEN,NS,7.0,1,0.03752161223519579,0.5375216122351958,79.5,medium
10190,1.0,E,133.48,YELLOW,NS,0.0,0,4.52384260330237,0.02384260330236998,72.0,medium
10191,1.0,W,73.01,ALLRED,EW,1.0,0,10.491511382182608,13.991511382182608,66.5,medium
10192,1.0,W,62.8,GREEN,NS,0.0,0,8.698540318976313,0.1985403189763133,68.0,medium
10193,1.0,N,49.55,GREEN,EW,0.0,0,9.9461128520675,19.9461128520675,67.5,medium
10194,1.0,W,63.37,YELLOW,NS,0.0,0,4.631899220372716,0.13189922037271629,72.0,medium
10195,1.0,W,90.4,GREEN,EW,1.0,1,0.10411932214161368,0.10411932214161368,76.5,medium
10196,1.0,S,92.14,YELLOW,EW,2.0,0,2.85615110105563,12.35615110105563,74.0,medium
10197,1.0,N,53.5,GREEN,NS,3.5,1,0.4997132494079892,15.99971324940799,76.5,medium
10198,1.0,W,128.46,YELLOW,NS,2.5,0,2.0426631328757594,0.0426631328757594,74.5,medium
10199,1.0,W,98.85,YELLOW,NS,0.0,0,4.651656122521928,0.15165612252192773,72.0,medium
10200,1.0,S,130.28,YELLOW,NS,1.5,0,12.722910521269256,9.222910521269256,64.5,medium
10201,1.0,N,90.69,GREEN,NS,3.5,1,0.3099403381617094,13.80994033816171,76.5,medium
10202,1.0,E,95.62,YELLOW,EW,2.5,0,11.879744768194485,0.37974476819448455,65.0,medium
10203,1.0,N,43.38,YELLOW,EW,0.0,0,4.624265659833867,0.12426565983386695,72.0,medium
10204,1.0,W,150.05,ALLRED,NS,0.5,0,1.4494970641672467,6.949497064167247,75.5,medium
10205,1.0,S,125.5,GREEN,NS,29.5,1,0.003084262590249409,14.00308426259025,77.5,medium
10206,1.0,N,52.59,GREEN,NS,4.0,1,0.4062233036434151,16.906223303643415,76.5,medium
10207,1.0,W,131.83,YELLOW,EW,0.5,0,13.67403181574349,0.17403181574348991,63.0,medium
10208,1.0,W,71.67,YELLOW,NS,0.0,0,4.826729852719069,15.326729852719069,72.0,medium
10209,1.0,E,59.87,GREEN,EW,3.5,1,0.13435799590455133,0.13435799590455133,76.5,medium
10210,1.0,S,55.95,YELLOW,EW,0.0,0,4.549380256765453,13.549380256765453,72.0,medium
10211,1.0,E,110.31,YELLOW,NS,0.0,0,4.69296774893985,11.69296774893985,72.0,medium
10212,1.0,W,131.8,YELLOW,NS,0.0,0,4.702234795766714,0.20223479576671366,72.0,medium
10213,1.0,S,79.15,GREEN,NS,8.5,1,0.354049359335292,0.354049359335292,76.5,medium
10214,1.0,W,120.17,GREEN,EW,1.5,1,0.3347041091205796,1.8347041091205796,76.5,medium
10215,1.0,W,119.53,GREEN,NS,2.5,0,7.473289680865548,2.4732896808655482,69.5,medium
10216,1.0,W,119.88,ALLRED,EW,1.0,0,7.12143793047332,2.12143793047332,69.5,medium
10217,1.0,S,138.24,ALLRED,NS,0.0,0,11.257632723799588,1.2576327237995883,65.5,medium
10218,1.0,N,89.66,ALLRED,EW,0.0,0,1.8417724485565259,14.841772448556526,75.0,medium
10219,1.0,S,139.62,GREEN,NS,0.0,1,0.3846448498463815,0.3846448498463815,76.5,medium
10220,1.0,S,137.07,GREEN,NS,27.0,1,0.42566680227463394,2.425666802274634,85.5,medium
10221,1.0,N,66.24,YELLOW,EW,2.0,0,2.764169229943491,3.264169229943491,75.0,medium
10222,1.0,E,157.66,YELLOW,EW,2.0,0,12.344233962373892,0.3442339623738917,64.5,medium
10223,1.0,E,120.22,ALLRED,EW,0.5,0,10.779316020995225,1.7793160209952248,66.0,medium
10224,1.0,N,76.92,GREEN,NS,14.0,1,0.0833528379546351,0.0833528379546351,76.5,medium
10225,1.0,N,43.58,GREEN,NS,6.0,1,0.4235973340590462,0.4235973340590462,76.5,medium
10226,1.0,E,101.78,GREEN,EW,1.0,1,0.22230308508486019,20.22230308508486,76.5,medium
10227,1.0,E,42.03,GREEN,NS,4.5,0,5.474980108169582,9.974980108169582,71.5,medium
10228,1.0,E,132.79,GREEN,NS,3.5,0,5.210300100043185,0.21030010004318456,71.5,medium
10229,1.0,E,79.8,YELLOW,NS,0.0,0,4.697148156953546,7.197148156953546,72.0,medium
10230,1.0,W,150.28,GREEN,NS,2.5,0,6.223426438305125,6.723426438305125,70.5,medium
10231,1.0,N,92.12,GREEN,EW,1.0,0,5.875680468992229,12.375680468992229,71.0,medium
10232,1.0,N,75.31,ALLRED,EW,1.0,0,0.6948352951967252,0.19483529519672516,76.0,medium
10233,1.0,E,129.15,YELLOW,NS,2.5,0,2.3502024661303835,0.3502024661303835,74.5,medium
10234,1.0,E,107.42,GREEN,EW,1.0,1,0.08287901691493005,14.58287901691493,76.5,medium
10235,1.0,S,77.58,YELLOW,EW,0.0,0,4.915932523656636,0.415932523656636,72.0,medium
10236,1.0,N,44.28,GREEN,NS,5.5,1,0.22267680244282673,0.22267680244282673,77.5,medium
10237,1.0,S,89.77,YELLOW,EW,1.0,0,3.733542033041374,14.733542033041374,73.0,medium
10238,1.0,E,101.37,YELLOW,NS,0.0,0,4.631407306750873,20.631407306750873,72.0,medium
10239,1.0,S,64.26,GREEN,NS,17.5,1,0.24359771934054208,5.243597719340542,76.5,medium
10240,1.0,S,54.29,YELLOW,EW,2.0,0,2.7084126324147206,15.20841263241472,74.0,medium
10241,1.0,E,84.48,ALLRED,EW,0.0,0,8.02312014092385,2.523120140923851,68.5,medium
10242,1.0,N,75.38,GREEN,NS,1.0,1,0.12224913735946075,0.12224913735946075,76.5,medium
10243,1.0,S,89.37,YELLOW,EW,1.0,0,3.6266511768778003,15.1266511768778,73.0,medium
10244,1.0,S,48.91,GREEN,NS,6.5,1,0.09084001029080468,20.590840010290805,76.5,medium
10245,1.0,N,92.83,GREEN,NS,14.5,1,0.17429974741457954,11.67429974741458,76.5,medium
10246,1.0,W,131.83,YELLOW,EW,1.0,0,10.167344025725129,0.16734402572512863,66.5,medium
10247,1.0,N,138.66,ALLRED,EW,0.0,0,1.840713911216767,0.840713911216767,75.0,medium
10248,1.0,N,118.99,GREEN,NS,2.0,1,0.008605315132427904,20.508605315132428,76.5,medium
10249,1.0,N,77.98,GREEN,NS,5.0,1,0.019241880690486823,0.019241880690486823,77.5,medium
10250,1.0,S,74.51,GREEN,NS,11.5,1,0.48806468239379797,0.48806468239379797,76.5,medium
10251,1.0,N,51.96,ALLRED,EW,1.0,0,0.5407166428308514,17.54071664283085,76.0,medium
10252,1.0,S,141.57,GREEN,NS,10.0,1,0.4292567325758512,0.4292567325758512,76.5,medium
10253,1.0,E,158.81,YELLOW,NS,1.5,0,3.189609673001769,0.1896096730017689,73.5,medium
10254,1.0,W,105.01,ALLRED,NS,0.5,0,1.4853333766500327,16.985333376650033,75.5,medium
10255,1.0,W,66.43,YELLOW,NS,0.0,0,4.574359158344109,20.57435915834411,72.0,medium
10256,1.0,W,48.38,GREEN,EW,2.0,1,0.11866254012455357,3.6186625401245536,76.5,medium
10257,1.0,W,86.55,GREEN,NS,0.0,0,9.952775460398072,0.4527754603980725,67.0,medium
10258,1.0,S,69.45,GREEN,EW,0.0,0,8.54536527373439,0.045365273734390144,68.0,medium
10259,1.0,W,54.2,GREEN,EW,4.0,1,0.3019031268986083,0.3019031268986083,76.5,medium
10260,1.0,W,115.04,ALLRED,EW,1.0,0,7.456560237962179,6.956560237962179,69.5,medium
10261,1.0,S,54.26,YELLOW,EW,0.5,0,4.2396304628431665,15.239630462843166,72.5,medium
10262,1.0,N,47.42,GREEN,NS,1.5,1,0.08014921941761344,22.080149219417613,76.5,medium
10263,1.0,E,90.62,YELLOW,NS,0.0,0,4.884184518773793,0.3841845187737931,72.0,medium
10264,1.0,E,59.01,GREEN,EW,3.0,1,0.4914316031146342,0.4914316031146342,76.5,medium
10265,1.0,E,83.81,YELLOW,NS,0.0,0,4.693559408793149,3.193559408793149,72.0,medium
10266,1.0,N,67.1,GREEN,NS,27.5,1,0.39541712903120185,2.395417129031202,76.5,medium
10267,1.0,S,46.35,GREEN,NS,14.5,1,0.14605162860874543,0.14605162860874543,77.5,medium
10268,1.0,E,138.2,YELLOW,NS,1.5,0,3.303991207090064,18.803991207090064,73.5,medium
10269,1.0,E,153.74,YELLOW,NS,0.0,0,4.7592143004401635,3.2592143004401635,72.0,medium
10270,1.0,W,84.98,GREEN,NS,2.0,0,7.517212238946001,2.0172122389460014,69.0,medium
10271,1.0,E,71.2,ALLRED,NS,1.0,0,0.7978794285462811,15.797879428546281,76.0,medium
10272,1.0,N,92.76,GREEN,NS,17.5,1,0.24018700563364348,11.740187005633643,76.5,medium
10273,1.0,W,109.46,ALLRED,EW,0.5,0,10.538645290376792,12.538645290376792,66.0,medium
10274,1.0,S,74.49,GREEN,NS,1.0,1,0.01418395236137826,0.01418395236137826,76.5,medium
10275,1.0,N,44.62,GREEN,EW,2.5,0,7.377813444763092,0.37781344476309187,69.5,medium
10276,1.0,W,137.52,YELLOW,NS,0.0,0,4.977011556611018,19.477011556611018,72.0,medium
10277,1.0,E,58.58,GREEN,EW,3.5,1,0.4176978544932979,0.4176978544932979,76.5,medium
10278,1.0,W,146.87,YELLOW,NS,1.0,0,3.6322024229856424,10.132202422985642,73.0,medium
10279,1.0,W,114.32,YELLOW,NS,0.0,0,4.683289150661636,7.683289150661636,72.0,medium
10280,1.0,N,117.21,ALLRED,EW,0.0,0,1.7886516068534775,22.288651606853477,75.0,medium
10281,1.0,N,41.0,GREEN,NS,9.5,1,0.49661233725198883,0.49661233725198883,76.5,medium
10282,1.0,W,52.41,YELLOW,EW,0.5,0,12.590170774362058,0.09017077436205767,64.0,medium
10283,1.0,E,132.95,YELLOW,NS,0.0,0,4.552007509227678,0.05200750922767838,72.0,medium
10284,1.0,N,149.05,GREEN,NS,6.5,1,0.44856234085617075,0.44856234085617075,76.5,medium
10285,1.0,S,71.11,GREEN,NS,6.0,1,0.39130813551652466,0.39130813551652466,76.5,medium
10286,1.0,S,138.32,GREEN,EW,2.0,0,7.679912815184707,1.1799128151847071,69.0,medium
10287,1.0,E,105.49,GREEN,NS,3.5,0,6.008612649664585,16.508612649664585,70.5,medium
10288,1.0,W,51.49,YELLOW,NS,0.0,0,4.506840737300109,0.5068407373001094,72.0,medium
10289,1.0,W,46.34,GREEN,EW,2.0,1,0.16123982291278338,5.661239822912783,76.5,medium
10290,1.0,W,71.66,GREEN,NS,1.5,0,8.339621608383823,15.339621608383823,68.5,medium
10291,1.0,E,118.13,YELLOW,NS,0.0,0,4.865201549944459,3.8652015499444587,72.0,medium
10292,1.0,S,81.41,ALLRED,EW,0.5,0,1.0888109028677349,0.08881090286773485,75.5,medium
10293,1.0,S,135.18,YELLOW,EW,0.0,0,4.823716451574114,4.323716451574114,72.0,medium
10294,1.0,W,158.83,GREEN,NS,0.0,0,9.67292077714913,0.17292077714913034,67.0,medium
10295,1.0,W,154.03,ALLRED,EW,0.5,0,10.97038579070238,2.9703857907023803,66.0,medium
10296,1.0,E,118.38,ALLRED,NS,1.0,0,0.6197794176890312,3.619779417689031,76.0,medium
10297,1.0,N,113.2,YELLOW,NS,0.5,0,13.804735595060734,0.304735595060734,63.0,medium
10298,1.0,S,146.16,GREEN,NS,9.5,1,0.3403245622708937,0.3403245622708937,76.5,medium
10299,1.0,E,68.06,GREEN,NS,1.0,0,8.940489864386379,18.94048986438638,68.0,medium
10000,1.4,E,109.35,YELLOW,EW,2.0,0,12.150101985798898,12.650101985798898,64.5,heavy
10001,1.4,N,82.75,GREEN,NS,12.5,1,0.2451921738144165,21.745192173814416,76.5,heavy
10002,1.4,N,86.79,YELLOW,NS,1.0,0,12.209310567023053,17.709310567023053,64.5,heavy
10003,1.4,N,144.8,ALLRED,NS,1.0,0,7.199930784626645,0.1999307846266447,69.5,heavy
10004,1.4,N,112.8,YELLOW,EW,2.5,0,2.198243304807548,0.19824330480754782,74.5,heavy
10005,1.4,W,136.01,GREEN,NS,0.5,0,6.4928622368285005,20.9928622368285,70.5,heavy
10006,1.4,S,68.58,YELLOW,NS,1.0,0,10.415296147021138,0.915296147021138,66.5,heavy
10007,1.4,E,70.79,YELLOW,EW,2.0,0,9.214966808306173,16.214966808306173,67.5,heavy
10008,1.4,W,57.38,YELLOW,NS,0.0,0,4.623452904820823,0.12345290482082305,72.0,heavy
10009,1.4,E,78.25,GREEN,NS,3.5,0,6.251779727215876,8.751779727215876,70.5,heavy
10010,1.4,E,106.12,YELLOW,NS,0.0,0,4.877876105948459,15.87787610594846,72.0,heavy
10011,1.4,E,57.86,YELLOW,EW,0.5,0,13.644220274828612,0.1442202748286121,63.0,heavy
10012,1.4,N,94.62,GREEN,NS,2.5,1,0.3829597986097184,9.882959798609718,76.5,heavy
10013,1.4,N,82.64,GREEN,NS,2.5,1,0.3604650851570739,21.860465085157074,76.5,heavy
10014,1.4,E,90.4,GREEN,NS,4.5,0,5.10180740314587,0.10180740314586956,71.5,heavy
10015,1.4,S,55.65,GREEN,NS,7.5,1,0.3468670639296647,13.846867063929665,76.5,heavy
10016,1.4,N,94.67,GREEN,NS,31.0,1,0.3308382611214853,9.830838261121485,76.5,heavy
10017,1.4,W,114.67,GREEN,EW,0.5,1,0.3289926767692464,7.328992676769246,76.5,heavy
10018,1.4,S,103.07,YELLOW,EW,2.0,0,2.9309075052970286,1.4309075052970286,74.0,heavy
10019,1.4,N,99.36,GREEN,NS,8.5,1,0.14104129973836166,5.141041299738362,76.5,heavy
10020,1.4,N,129.87,GREEN,NS,11.0,1,0.1273109610631309,9.627310961063131,76.5,heavy
10021,1.4,S,109.14,GREEN,NS,3.5,1,0.3598832829386396,0.3598832829386396,76.5,heavy
10022,1.4,W,127.29,GREEN,EW,5.0,1,0.2109740526469892,0.2109740526469892,76.5,heavy
10023,1.4,S,115.2,GREEN,NS,1.5,1,0.2984732621980868,0.2984732621980868,76.5,heavy
10024,1.4,N,58.41,GREEN,NS,2.0,1,0.09207575120312583,11.092075751203126,76.5,heavy
10025,1.4,S,96.22,YELLOW,EW,1.5,0,3.284901728508146,8.284901728508146,73.5,heavy
10026,1.4,E,107.57,GREEN,NS,2.5,0,7.4332146022735515,14.433214602273551,69.5,heavy
10027,1.4,W,66.21,GREEN,NS,0.5,0,9.289133720833377,20.789133720833377,67.5,heavy
10028,1.4,S,78.84,GREEN,EW,2.5,0,6.158366087658891,0.15836608765889082,70.5,heavy
10029,1.4,W,61.74,YELLOW,NS,0.0,0,4.756769259825489,0.25676925982548937,72.0,heavy
10030,1.4,E,111.81,GREEN,NS,3.5,0,6.18582522509449,10.18582522509449,70.5,heavy
10031,1.4,N,82.32,YELLOW,EW,2.5,0,2.1759844243895685,22.17598442438957,74.5,heavy
10032,1.4,W,40.53,YELLOW,NS,0.0,0,4.965430704216693,11.465430704216693,72.0,heavy
10033,1.4,S,106.43,GREEN,NS,1.5,1,0.07324399194941122,0.07324399194941122,76.5,heavy
10034,1.4,N,100.71,GREEN,NS,0.0,1,0.2904005976067907,3.7904005976067907,76.5,heavy
10035,1.4,N,132.66,ALLRED,EW,0.5,0,1.3447869568543638,6.844786956854364,75.5,heavy
10036,1.4,N,79.06,YELLOW,NS,2.5,0,11.94365152512556,0.44365152512555994,65.0,heavy
10037,1.4,W,55.11,YELLOW,NS,2.5,0,2.3928465307198366,0.39284653071983655,74.5,heavy
10038,1.4,E,51.09,GREEN,NS,1.5,0,8.407484758313267,0.9074847583132666,68.5,heavy
10039,1.4,W,69.11,GREEN,NS,2.0,0,7.886839206445117,17.886839206445117,69.0,heavy
10040,1.4,E,125.65,YELLOW,EW,0.5,0,13.845191936034752,0.34519193603475173,63.0,heavy
10041,1.4,E,145.89,YELLOW,EW,1.5,0,12.60509937584294,11.10509937584294,64.0,heavy
10042,1.4,W,83.2,YELLOW,NS,2.0,0,2.795696341863902,3.795696341863902,74.0,heavy
10043,1.4,E,50.13,YELLOW,NS,0.0,0,4.868990875019058,1.8689908750190583,72.0,heavy
10044,1.4,W,63.94,GREEN,EW,0.0,1,0.05955241876292661,0.05955241876292661,76.5,heavy
10045,1.4,N,73.03,GREEN,EW,1.0,0,8.974672429761085,0.47467242976108537,68.0,heavy
10046,1.4,W,77.51,GREEN,NS,2.0,0,7.993003074295473,9.493003074295473,69.0,heavy
10047,1.4,E,97.44,YELLOW,NS,0.0,0,4.55909432914423,0.05909432914423007,72.0,heavy
10048,1.4,W,116.24,YELLOW,EW,2.5,0,11.756555603892053,5.756555603892053,65.0,heavy
10049,1.4,W,40.82,YELLOW,NS,0.0,0,4.678929821512767,11.178929821512767,72.0,heavy
10050,1.4,W,62.49,ALLRED,EW,0.0,0,11.010885912766625,0.010885912766624983,65.5,heavy
10051,1.4,W,83.41,YELLOW,NS,0.0,0,4.58732175266185,3.5873217526618504,72.0,heavy
10052,1.4,W,95.34,YELLOW,NS,0.0,0,4.658105502087295,0.15810550208729524,72.0,heavy
10053,1.4,W,99.27,YELLOW,EW,2.5,0,11.729412702863328,0.22941270286332838,65.0,heavy
10054,1.4,N,126.14,GREEN,NS,6.5,1,0.3550915277061648,13.355091527706165,76.5,heavy
10055,1.4,W,112.42,YELLOW,EW,2.0,0,12.076265446299786,9.576265446299786,64.5,heavy
10056,1.4,N,153.52,ALLRED,NS,0.5,0,7.983205823530113,20.983205823530113,72.0,heavy
10057,1.4,E,47.7,ALLRED,NS,0.0,0,1.796503811272018,4.296503811272018,75.0,heavy
10058,1.4,E,67.32,GREEN,NS,2.5,0,7.177071427582405,19.677071427582405,69.5,heavy
10059,1.4,E,76.45,YELLOW,EW,1.0,0,13.047251187102631,10.547251187102631,63.5,heavy
10060,1.4,S,96.29,YELLOW,EW,1.5,0,3.2086009949455843,8.208600994945584,73.5,heavy
10061,1.4,W,115.09,YELLOW,NS,0.0,0,4.909008886012572,6.909008886012572,72.0,heavy
10062,1.4,W,92.15,GREEN,NS,2.0,0,7.851839445504012,0.35183944550401236,69.0,heavy
10063,1.4,W,63.9,GREEN,NS,2.0,0,7.595059042014682,0.0950590420146824,69.0,heavy
10064,1.4,E,153.03,ALLRED,EW,1.0,0,10.471374355677597,3.9713743556775967,66.5,heavy
10065,1.4,S,142.2,YELLOW,EW,2.5,0,2.2966887279458774,0.2966887279458774,74.5,heavy
10066,1.4,N,82.8,GREEN,NS,18.5,1,0.20369009632099733,21.703690096320997,76.5,heavy
10067,1.4,E,81.82,GREEN,NS,2.5,0,7.178102377054159,5.178102377054159,69.5,heavy
10068,1.4,N,40.65,GREEN,NS,0.0,1,0.3517315018620977,0.3517315018620977,76.5,heavy
10069,1.4,S,77.67,GREEN,NS,16.0,1,0.3314792806944524,0.3314792806944524,76.5,heavy
10070,1.4,E,147.65,YELLOW,NS,0.0,0,4.853238190766774,9.353238190766774,72.0,heavy
10071,1.4,W,64.47,YELLOW,NS,0.0,0,4.5272016494911895,0.027201649491189528,72.0,heavy
10072,1.4,W,144.57,GREEN,NS,0.0,0,9.927042521251224,12.427042521251224,67.0,heavy
10073,1.4,N,154.31,ALLRED,NS,0.5,0,7.688750797879436,20.188750797879436,69.0,heavy
10074,1.4,S,43.69,GREEN,NS,16.0,1,0.3121913781537202,0.3121913781537202,76.5,heavy
10075,1.4,W,113.22,ALLRED,NS,1.0,0,0.7775090057862428,8.777509005786243,76.0,heavy
10076,1.4,N,134.0,GREEN,NS,21.0,1,0.49612819108301665,5.496128191083017,76.5,heavy
10077,1.4,N,52.33,GREEN,NS,17.0,1,0.16947894100574956,17.16947894100575,76.5,heavy
10078,1.4,S,159.06,YELLOW,EW,2.0,0,2.9370973301372487,15.437097330137249,74.0,heavy
10079,1.4,E,79.22,GREEN,NS,3.0,0,6.7774893057053305,7.7774893057053305,70.0,heavy
10080,1.4,W,143.42,YELLOW,NS,0.0,0,4.579863118192037,13.579863118192037,72.0,heavy
10081,1.4,S,64.7,GREEN,NS,2.0,1,0.295906475576146,4.795906475576146,76.5,heavy
10082,1.4,S,51.23,YELLOW,NS,1.5,0,11.773720596513556,18.273720596513556,65.0,heavy
10083,1.4,S,92.43,GREEN,NS,2.5,1,0.06666379506681608,12.066663795066816,76.5,heavy
10084,1.4,E,112.66,YELLOW,NS,0.0,0,4.844542049468643,9.344542049468643,72.0,heavy
10085,1.4,S,105.43,ALLRED,EW,0.0,0,1.572955397274896,0.07295539727489597,75.0,heavy
10086,1.4,N,45.23,GREEN,EW,1.5,0,5.772469073174776,0.27246907317477564,71.0,heavy
10087,1.4,S,124.31,GREEN,NS,4.0,1,0.19458371023098664,15.194583710230987,76.5,heavy
10088,1.4,S,48.48,GREEN,NS,2.5,1,0.019804449685722147,21.019804449685722,76.5,heavy
10089,1.4,N,135.47,YELLOW,EW,2.5,0,2.0333872984448362,4.033387298444836,75.5,heavy
10090,1.4,N,145.68,GREEN,NS,2.0,1,0.3161719673030632,0.3161719673030632,76.5,heavy
10091,1.4,W,151.23,GREEN,EW,0.5,1,0.27252108039817813,5.772521080398178,76.5,heavy
10092,1.4,N,87.15,GREEN,NS,8.5,1,0.3499782753306988,17.3499782753307,79.5,heavy
10093,1.4,W,44.65,YELLOW,EW,2.5,0,11.848978116108057,7.348978116108057,65.0,heavy
10094,1.4,E,146.18,YELLOW,NS,1.5,0,3.321296384351882,10.821296384351882,73.5,heavy
10095,1.4,W,48.0,GREEN,NS,0.5,0,9.499905257524475,3.9999052575244747,67.5,heavy
10096,1.4,N,79.67,GREEN,EW,3.5,0,6.331239053584227,0.3312390535842269,70.5,heavy
10097,1.4,W,40.76,YELLOW,NS,0.5,0,4.238429261899135,11.238429261899135,72.5,heavy
10098,1.4,N,128.11,GREEN,NS,5.5,1,0.38646430353264805,11.386464303532648,76.5,heavy
10099,1.4,W,77.13,YELLOW,NS,0.0,0,4.868955625578053,9.868955625578053,72.0,heavy
10100,1.4,E,146.75,GREEN,NS,4.5,0,5.250857593440003,10.250857593440003,71.5,heavy
10101,1.4,S,129.79,YELLOW,NS,1.0,0,13.20574875278578,9.70574875278578,63.5,heavy
10102,1.4,S,121.8,YELLOW,NS,1.5,0,10.700392943946852,17.700392943946852,66.0,heavy
10103,1.4,N,77.93,ALLRED,EW,1.0,0,0.5699949099950601,0.06999490999506008,76.0,heavy
10104,1.4,W,115.36,YELLOW,NS,0.0,0,4.635967512349268,6.635967512349268,72.0,heavy
10105,1.4,E,48.96,YELLOW,NS,2.0,0,2.539259818077248,3.039259818077248,74.0,heavy
10106,1.4,N,58.4,ALLRED,NS,0.0,0,8.098577802252834,11.098577802252834,68.5,heavy
10107,1.4,W,42.52,GREEN,EW,0.5,1,0.48096884333585876,9.480968843335859,76.5,heavy
10108,1.4,W,113.89,YELLOW,NS,0.0,0,4.61379634582984,8.11379634582984,72.0,heavy
10109,1.4,W,113.91,ALLRED,NS,0.0,0,1.5875548822403829,8.087554882240383,75.0,heavy
10110,1.4,W,87.81,GREEN,EW,1.5,1,0.18613925748977067,0.18613925748977067,76.5,heavy
10111,1.4,E,155.23,YELLOW,NS,2.0,0,2.7726241763312487,1.7726241763312487,74.0,heavy
10112,1.4,E,52.24,GREEN,NS,4.0,0,5.755407968395758,0.2554079683957582,71.0,heavy
10113,1.4,E,119.57,GREEN,NS,4.5,0,5.434689824542744,2.434689824542744,71.5,heavy
10114,1.4,E,44.43,YELLOW,NS,0.0,0,4.5671842327924,7.5671842327924,72.0,heavy
10115,1.4,S,110.31,GREEN,NS,29.5,1,0.19106543090643413,0.19106543090643413,76.5,heavy
10116,1.4,E,140.29,YELLOW,NS,0.0,0,4.7140940798398105,16.71409407983981,72.0,heavy
10117,1.4,E,90.69,ALLRED,EW,0.5,0,10.81056508202083,0.31056508202082966,66.0,heavy
10118,1.4,N,80.44,GREEN,EW,0.5,0,8.559194607169786,0.059194607169786195,68.0,heavy
10119,1.4,W,141.95,YELLOW,NS,0.0,0,4.554247087594263,15.054247087594263,72.0,heavy
10120,1.4,W,149.22,YELLOW,NS,2.5,0,2.279066275235664,7.779066275235664,74.5,heavy
10121,1.4,S,113.31,GREEN,NS,14.0,1,0.18710713373108945,0.18710713373108945,76.5,heavy
10122,1.4,S,135.66,YELLOW,NS,2.5,0,10.84478687949678,3.8447868794967803,66.0,heavy
10123,1.4,N,84.94,GREEN,EW,0.0,0,9.063392223761696,19.563392223761696,67.5,heavy
10124,1.4,E,51.98,GREEN,NS,1.5,0,8.024603522402543,0.024603522402543376,68.5,heavy
10125,1.4,S,78.19,GREEN,NS,19.5,1,0.31053801316262764,0.31053801316262764,76.5,heavy
10126,1.4,N,76.68,GREEN,EW,2.0,0,7.816987175029112,0.3169871750291122,69.0,heavy
10127,1.4,S,67.21,GREEN,NS,6.0,1,0.2882184368694567,2.2882184368694567,76.5,heavy
10128,1.4,S,105.8,GREEN,NS,3.5,1,0.1973084740150881,0.1973084740150881,76.5,heavy
10129,1.4,W,119.72,YELLOW,NS,0.0,0,4.77869111973439,2.2786911197343898,72.0,heavy
10130,1.4,E,145.46,GREEN,NS,3.0,0,6.535514673385592,11.535514673385592,70.0,heavy
10131,1.4,W,136.63,YELLOW,NS,0.0,0,4.869587802726244,20.369587802726244,72.0,heavy
10132,1.4,W,151.99,GREEN,EW,0.5,1,0.007095078725512849,5.007095078725513,76.5,heavy
10133,1.4,W,150.86,ALLRED,NS,0.0,0,1.6364123312453671,6.136412331245367,75.0,heavy
10134,1.4,N,60.29,GREEN,NS,0.0,1,0.20607092691958684,9.206070926919587,76.5,heavy
10135,1.4,W,81.98,YELLOW,NS,0.0,0,4.52128917158042,5.02128917158042,72.0,heavy
10136,1.4,S,118.27,GREEN,NS,5.0,1,0.2318361456480602,21.23183614564806,76.5,heavy
10137,1.4,E,80.97,GREEN,EW,0.5,1,0.034127702359313616,6.034127702359314,76.5,heavy
10138,1.4,W,89.66,GREEN,NS,3.5,0,6.339149737327489,0.33914973732748877,70.5,heavy
10139,1.4,W,57.67,GREEN,EW,3.5,1,0.33458147464168064,0.33458147464168064,76.5,heavy
10140,1.4,N,94.89,ALLRED,NS,1.0,0,9.110973772961955,9.610973772961955,67.5,heavy
10141,1.4,E,80.21,YELLOW,NS,0.0,0,4.794837182334618,6.794837182334618,72.0,heavy
10142,1.4,E,151.79,YELLOW,NS,0.0,0,4.70787181732706,5.20787181732706,72.0,heavy
10143,1.4,W,42.39,ALLRED,NS,1.0,0,0.6124104821539476,9.612410482153948,76.0,heavy
10144,1.4,W,94.92,YELLOW,NS,0.5,0,4.08223916326385,0.08223916326384995,72.5,heavy
10145,1.4,E,140.19,YELLOW,NS,1.5,0,3.3074248389007153,16.807424838900715,73.5,heavy
10146,1.4,S,158.24,GREEN,NS,11.0,1,0.26450858171165237,16.264508581711652,76.5,heavy
10147,1.4,S,140.38,ALLRED,EW,0.5,0,1.1188851957199972,0.11888519571999723,75.5,heavy
10148,1.4,E,75.56,GREEN,NS,0.5,0,9.443886150017946,11.443886150017946,67.5,heavy
10149,1.4,W,74.02,YELLOW,NS,0.0,0,4.975353437929698,12.975353437929698,72.0,heavy
10150,1.4,S,89.34,YELLOW,EW,0.5,0,4.1554867024380115,15.155486702438012,72.5,heavy
10151,1.4,S,69.95,GREEN,NS,5.0,1,0.04634147523887577,0.04634147523887577,76.5,heavy
10152,1.4,S,42.04,GREEN,NS,3.0,1,0.46129677684041326,0.46129677684041326,76.5,heavy
10153,1.4,N,47.28,GREEN,NS,5.0,1,0.22362237175013178,22.223622371750132,77.5,heavy
10154,1.4,W,79.59,GREEN,NS,3.5,0,6.412130121173874,7.412130121173874,70.5,heavy
10155,1.4,N,144.1,YELLOW,NS,1.0,0,13.397913720944644,0.3979137209446435,63.5,heavy
10156,1.4,W,124.44,YELLOW,EW,1.0,0,13.061016438114734,0.06101643811473423,63.5,heavy
10157,1.4,E,71.82,GREEN,NS,4.0,0,5.682765534258294,15.182765534258294,71.0,heavy
10158,1.4,S,49.23,YELLOW,EW,0.5,0,4.270457355809107,20.270457355809107,72.5,heavy
10159,1.4,N,134.74,GREEN,NS,19.5,1,0.2607047810928691,4.760704781092869,76.5,heavy
10160,1.4,S,92.03,YELLOW,EW,0.0,0,4.969951193926249,12.46995119392625,72.0,heavy
10161,1.4,W,151.17,YELLOW,NS,0.0,0,4.825273885738625,5.825273885738625,72.0,heavy
10162,1.4,W,155.73,YELLOW,NS,0.0,0,4.7721551024090445,1.2721551024090445,72.0,heavy
10163,1.4,N,104.18,GREEN,EW,4.0,0,5.323046260157824,0.3230462601578239,71.5,heavy
10164,1.4,S,46.83,GREEN,EW,1.0,0,8.668689384242619,0.1686893842426187,68.0,heavy
10165,1.4,N,73.97,GREEN,NS,1.5,1,0.0263492782690804,0.0263492782690804,76.5,heavy
10166,1.4,S,150.71,GREEN,NS,3.5,1,0.28759723876362386,0.28759723876362386,76.5,heavy
10167,1.4,N,129.06,ALLRED,EW,1.0,0,0.9366492823198769,10.436649282319877,76.0,heavy
10168,1.4,N,95.65,GREEN,NS,2.5,1,0.35062472109716225,8.850624721097162,76.5,heavy
10169,1.4,W,154.64,YELLOW,NS,0.0,0,4.86327306668872,2.36327306668872,72.0,heavy
10170,1.4,W,142.14,YELLOW,NS,0.0,0,4.8579167035892965,14.857916703589297,72.0,heavy
10171,1.4,S,72.74,GREEN,NS,6.0,1,0.25703552004262065,0.25703552004262065,76.5,heavy
10172,1.4,N,81.41,ALLRED,EW,1.0,0,0.590193091714525,0.09019309171452505,76.0,heavy
10173,1.4,E,81.42,YELLOW,NS,0.0,0,4.584679398592002,5.584679398592002,72.0,heavy
10174,1.4,E,44.9,GREEN,EW,2.5,1,0.09533702323692239,7.095337023236922,76.5,heavy
10175,1.4,S,68.78,GREEN,NS,4.5,1,0.22101132099706433,0.7210113209970643,76.5,heavy
10176,1.4,E,99.77,YELLOW,NS,0.0,0,4.7315711142903325,22.231571114290333,72.0,heavy
10177,1.4,N,103.41,ALLRED,NS,0.5,0,9.587416917297645,1.0874169172976451,67.0,heavy
10178,1.4,N,45.67,GREEN,NS,2.5,1,0.32568289015224394,0.32568289015224394,76.5,heavy
10179,1.4,N,62.32,YELLOW,EW,2.0,0,2.6755025721276127,7.175502572127613,74.0,heavy
10180,1.4,N,135.72,YELLOW,EW,1.5,0,3.277170319299614,3.777170319299614,73.5,heavy
10181,1.4,S,62.63,GREEN,NS,0.5,1,0.3711274353620553,6.871127435362055,76.5,heavy
10182,1.4,N,156.79,GREEN,EW,3.5,0,5.205520215439833,17.705520215439833,71.5,heavy
10183,1.4,N,130.99,YELLOW,NS,0.5,0,12.511908964844253,8.511908964844253,64.0,heavy
10184,1.4,W,118.3,YELLOW,EW,0.5,0,13.703116742629462,3.7031167426294616,63.0,heavy
10185,1.4,W,142.4,YELLOW,EW,2.0,0,12.096608902919485,14.596608902919485,64.5,heavy
10186,1.4,E,77.05,GREEN,NS,0.5,0,9.448699351662029,9.948699351662029,67.5,heavy
10187,1.4,W,152.05,GREEN,NS,3.5,0,6.453688599923083,4.953688599923083,70.5,heavy
10188,1.4,E,65.02,YELLOW,NS,0.0,0,4.98104395446623,21.98104395446623,72.0,heavy
10189,1.4,N,138.96,ALLRED,EW,1.0,0,0.5375216122351958,0.5375216122351958,76.0,heavy
10190,1.4,E,133.48,ALLRED,NS,1.0,0,0.52384260330237,0.02384260330236998,76.0,heavy
10191,1.4,W,73.01,GREEN,NS,4.5,0,5.491511382182608,13.991511382182608,71.5,heavy
10192,1.4,W,62.8,YELLOW,NS,0.0,0,4.698540318976313,0.1985403189763133,72.0,heavy
10193,1.4,N,49.55,GREEN,NS,0.5,1,0.4461128520675004,19.9461128520675,76.5,heavy
10194,1.4,W,63.37,YELLOW,NS,0.0,0,4.631899220372716,0.13189922037271629,72.0,heavy
10195,1.4,W,90.4,GREEN,NS,4.5,0,5.104119322141614,0.10411932214161368,71.5,heavy
10196,1.4,S,92.14,YELLOW,NS,2.0,0,12.35615110105563,12.35615110105563,64.5,heavy
10197,1.4,N,53.5,GREEN,NS,9.5,1,0.4997132494079892,15.99971324940799,76.5,heavy
10198,1.4,W,128.46,ALLRED,NS,0.0,0,1.5426631328757594,0.0426631328757594,75.0,heavy
10199,1.4,W,98.85,YELLOW,NS,0.0,0,4.651656122521928,0.15165612252192773,72.0,heavy
10200,1.4,S,130.28,GREEN,EW,4.5,0,5.222910521269256,9.222910521269256,71.5,heavy
10201,1.4,N,90.69,GREEN,NS,5.5,1,0.3099403381617094,13.80994033816171,76.5,heavy
10202,1.4,E,95.62,GREEN,NS,1.0,0,8.879744768194485,0.37974476819448455,68.0,heavy
10203,1.4,N,43.38,GREEN,NS,0.5,1,0.12426565983386695,0.12426565983386695,76.5,heavy
10204,1.4,W,150.05,GREEN,EW,4.5,1,0.44949706416724666,6.949497064167247,76.5,heavy
10205,1.4,S,125.5,GREEN,NS,3.0,1,0.003084262590249409,14.00308426259025,76.5,heavy
10206,1.4,N,52.59,GREEN,EW,2.5,0,5.406223303643415,16.906223303643415,71.5,heavy
10207,1.4,W,131.83,GREEN,EW,1.5,1,0.17403181574348991,0.17403181574348991,76.5,heavy
10208,1.4,W,71.67,YELLOW,NS,0.0,0,4.826729852719069,15.326729852719069,72.0,heavy
10209,1.4,E,59.87,YELLOW,NS,2.5,0,2.1343579959045513,0.13435799590455133,74.5,heavy
10210,1.4,S,55.95,GREEN,NS,4.0,1,0.04938025676545266,13.549380256765453,76.5,heavy
10211,1.4,E,110.31,YELLOW,NS,0.0,0,4.69296774893985,11.69296774893985,72.0,heavy
10212,1.4,W,131.8,GREEN,NS,1.0,0,8.702234795766714,0.20223479576671366,68.0,heavy
10213,1.4,S,79.15,ALLRED,NS,1.0,0,7.354049359335292,0.354049359335292,69.5,heavy
10214,1.4,W,120.17,ALLRED,EW,1.0,0,10.33470410912058,1.8347041091205796,66.5,heavy
10215,1.4,W,119.53,YELLOW,NS,0.0,0,4.973289680865548,2.4732896808655482,72.0,heavy
10216,1.4,W,119.88,YELLOW,NS,0.0,0,4.62143793047332,2.12143793047332,72.0,heavy
10217,1.4,S,138.24,GREEN,NS,2.0,1,0.25763272379958835,1.2576327237995883,76.5,heavy
10218,1.4,N,89.66,GREEN,NS,3.5,1,0.3417724485565259,14.841772448556526,76.5,heavy
10219,1.4,S,139.62,GREEN,NS,9.5,1,0.3846448498463815,0.3846448498463815,76.5,heavy
10220,1.4,S,137.07,GREEN,NS,4.0,1,0.42566680227463394,2.425666802274634,77.5,heavy
10221,1.4,N,66.24,GREEN,NS,1.5,1,0.2641692299434908,3.264169229943491,76.5,heavy
10222,1.4,E,157.66,GREEN,NS,2.5,0,7.344233962373892,0.3442339623738917,69.5,heavy
10223,1.4,E,120.22,YELLOW,NS,1.0,0,3.779316020995225,1.7793160209952248,73.0,heavy
10224,1.4,N,76.92,GREEN,NS,11.5,1,0.0833528379546351,0.0833528379546351,76.5,heavy
10225,1.4,N,43.58,GREEN,EW,3.5,0,5.423597334059046,0.4235973340590462,71.5,heavy
10226,1.4,E,101.78,YELLOW,NS,0.0,0,4.72230308508486,20.22230308508486,72.0,heavy
10227,1.4,E,42.03,YELLOW,EW,2.5,0,11.974980108169582,9.974980108169582,65.0,heavy
10228,1.4,E,132.79,YELLOW,NS,0.0,0,4.710300100043185,0.21030010004318456,72.0,heavy
10229,1.4,E,79.8,YELLOW,NS,1.5,0,3.1971481569535456,7.197148156953546,73.5,heavy
10230,1.4,W,150.28,YELLOW,NS,0.0,0,4.723426438305125,6.723426438305125,72.0,heavy
10231,1.4,N,92.12,ALLRED,EW,0.5,0,1.375680468992229,12.375680468992229,75.5,heavy
10232,1.4,N,75.31,GREEN,NS,1.0,1,0.19483529519672516,0.19483529519672516,76.5,heavy
10233,1.4,E,129.15,GREEN,NS,4.5,0,5.3502024661303835,0.3502024661303835,71.5,heavy
10234,1.4,E,107.42,GREEN,NS,1.0,0,8.58287901691493,14.58287901691493,68.0,heavy
10235,1.4,S,77.58,YELLOW,NS,1.5,0,9.915932523656636,0.415932523656636,67.0,heavy
10236,1.4,N,44.28,GREEN,NS,6.0,1,0.22267680244282673,0.22267680244282673,76.5,heavy
10237,1.4,S,89.77,GREEN,EW,3.0,0,6.733542033041374,14.733542033041374,70.0,heavy
10238,1.4,E,101.37,GREEN,NS,0.0,0,9.631407306750873,20.631407306750873,67.0,heavy
10239,1.4,S,64.26,GREEN,NS,21.5,1,0.24359771934054208,5.243597719340542,76.5,heavy
10240,1.4,S,54.29,GREEN,NS,0.5,1,0.20841263241472063,15.20841263241472,76.5,heavy
10241,1.4,E,84.48,GREEN,NS,1.5,0,8.02312014092385,2.523120140923851,68.5,heavy
10242,1.4,N,75.38,GREEN,EW,0.5,0,8.12224913735946,0.12224913735946075,68.5,heavy
10243,1.4,S,89.37,GREEN,EW,2.5,0,6.1266511768778,15.1266511768778,70.5,heavy
10244,1.4,S,48.91,GREEN,NS,6.5,1,0.09084001029080468,20.590840010290805,76.5,heavy
10245,1.4,N,92.83,YELLOW,NS,0.5,0,13.67429974741458,11.67429974741458,63.0,heavy
10246,1.4,W,131.83,YELLOW,NS,0.0,0,4.667344025725129,0.16734402572512863,72.0,heavy
10247,1.4,N,138.66,GREEN,EW,1.5,0,8.340713911216767,0.840713911216767,68.5,heavy
10248,1.4,N,118.99,GREEN,NS,1.0,1,0.008605315132427904,20.508605315132428,76.5,heavy
10249,1.4,N,77.98,GREEN,NS,2.0,1,0.019241880690486823,0.019241880690486823,76.5,heavy
10250,1.4,S,74.51,GREEN,NS,15.0,1,0.48806468239379797,0.48806468239379797,76.5,heavy
10251,1.4,N,51.96,YELLOW,NS,1.5,0,9.540716642830851,17.54071664283085,67.0,heavy
10252,1.4,S,141.57,GREEN,NS,4.0,1,0.4292567325758512,0.4292567325758512,76.5,heavy
10253,1.4,E,158.81,GREEN,NS,3.0,0,6.689609673001769,0.1896096730017689,70.0,heavy
10254,1.4,W,105.01,GREEN,EW,3.5,1,0.48533337665003273,16.985333376650033,76.5,heavy
10255,1.4,W,66.43,YELLOW,NS,2.5,0,2.0743591583441088,20.57435915834411,74.5,heavy
10256,1.4,W,48.38,YELLOW,NS,2.0,0,2.6186625401245536,3.6186625401245536,74.0,heavy
10257,1.4,W,86.55,GREEN,NS,4.5,0,5.4527754603980725,0.4527754603980725,71.5,heavy
10258,1.4,S,69.45,GREEN,EW,1.5,0,7.04536527373439,0.045365273734390144,69.5,heavy
10259,1.4,W,54.2,GREEN,EW,2.0,1,0.3019031268986083,0.3019031268986083,76.5,heavy
10260,1.4,W,115.04,GREEN,NS,2.0,0,7.956560237962179,6.956560237962179,69.0,heavy
10261,1.4,S,54.26,GREEN,EW,1.0,0,7.7396304628431665,15.239630462843166,69.0,heavy
10262,1.4,N,47.42,YELLOW,EW,1.5,0,3.0801492194176134,22.080149219417613,73.5,heavy
10263,1.4,E,90.62,GREEN,EW,4.5,1,0.3841845187737931,0.3841845187737931,76.5,heavy
10264,1.4,E,59.01,YELLOW,NS,1.0,0,3.991431603114634,0.4914316031146342,73.0,heavy
10265,1.4,E,83.81,GREEN,EW,2.5,1,0.19355940879314915,3.193559408793149,76.5,heavy
10266,1.4,N,67.1,GREEN,NS,19.5,1,0.39541712903120185,2.395417129031202,76.5,heavy
10267,1.4,S,46.35,ALLRED,EW,0.0,0,1.6460516286087454,0.14605162860874543,75.0,heavy
10268,1.4,E,138.2,GREEN,NS,3.5,0,6.303991207090064,18.803991207090064,70.5,heavy
10269,1.4,E,153.74,ALLRED,EW,1.0,0,10.259214300440163,3.2592143004401635,66.5,heavy
10270,1.4,W,84.98,YELLOW,NS,0.0,0,4.517212238946001,2.0172122389460014,72.0,heavy
10271,1.4,E,71.2,YELLOW,NS,0.0,0,4.797879428546281,15.797879428546281,72.0,heavy
10272,1.4,N,92.76,GREEN,EW,4.5,0,5.2401870056336435,11.740187005633643,71.5,heavy
10273,1.4,W,109.46,YELLOW,NS,0.0,0,4.538645290376792,12.538645290376792,72.0,heavy
10274,1.4,S,74.49,YELLOW,NS,1.5,0,9.514183952361378,0.01418395236137826,67.0,heavy
10275,1.4,N,44.62,GREEN,NS,0.0,1,0.37781344476309187,0.37781344476309187,76.5,heavy
10276,1.4,W,137.52,GREEN,NS,2.0,0,5.477011556611018,19.477011556611018,71.5,heavy
10277,1.4,E,58.58,YELLOW,NS,2.0,0,2.917697854493298,0.4176978544932979,74.0,heavy
10278,1.4,W,146.87,YELLOW,EW,0.5,0,12.632202422985642,10.132202422985642,64.0,heavy
10279,1.4,W,114.32,GREEN,NS,1.0,0,8.683289150661636,7.683289150661636,68.0,heavy
10280,1.4,N,117.21,GREEN,NS,1.5,1,0.28865160685347746,22.288651606853477,76.5,heavy
10281,1.4,N,41.0,GREEN,NS,16.5,1,0.49661233725198883,0.49661233725198883,76.5,heavy
10282,1.4,W,52.41,YELLOW,EW,1.0,0,13.090170774362058,0.09017077436205767,63.5,heavy
10283,1.4,E,132.95,YELLOW,NS,2.0,0,2.5520075092276784,0.05200750922767838,74.0,heavy
10284,1.4,N,149.05,GREEN,EW,1.0,0,5.948562340856171,0.44856234085617075,72.0,heavy
10285,1.4,S,71.11,GREEN,NS,9.5,1,0.39130813551652466,0.39130813551652466,76.5,heavy
10286,1.4,S,138.32,GREEN,NS,5.5,1,0.17991281518470714,1.1799128151847071,79.0,heavy
10287,1.4,E,105.49,YELLOW,NS,0.0,0,4.508612649664585,16.508612649664585,72.0,heavy
10288,1.4,W,51.49,YELLOW,EW,1.5,0,9.00684073730011,0.5068407373001094,67.5,heavy
10289,1.4,W,46.34,ALLRED,NS,0.5,0,1.1612398229127834,5.661239822912783,75.5,heavy
10290,1.4,W,71.66,GREEN,NS,0.5,0,8.339621608383823,15.339621608383823,68.5,heavy
10291,1.4,E,118.13,GREEN,EW,1.5,1,0.36520154994445875,3.8652015499444587,76.5,heavy
10292,1.4,S,81.41,YELLOW,NS,1.5,0,9.588810902867735,0.08881090286773485,67.0,heavy
10293,1.4,S,135.18,GREEN,EW,1.5,0,8.323716451574114,4.323716451574114,68.5,heavy
10294,1.4,W,158.83,GREEN,EW,3.0,1,0.17292077714913034,0.17292077714913034,76.5,heavy
10295,1.4,W,154.03,ALLRED,EW,0.0,0,11.47038579070238,2.9703857907023803,65.5,heavy
10296,1.4,E,118.38,YELLOW,NS,0.0,0,4.619779417689031,3.619779417689031,72.0,heavy
10297,1.4,N,113.2,GREEN,NS,5.5,1,0.304735595060734,0.304735595060734,76.5,heavy
10298,1.4,S,146.16,ALLRED,EW,1.0,0,0.8403245622708937,0.3403245622708937,76.0,heavy
10299,1.4,E,68.06,GREEN,NS,2.0,0,7.940489864386379,18.94048986438638,69.0,heavy
