topology,shape,level,total_demand_vph,n_seeds,noise,red_vs_fixed_equal,red_vs_fixed_webster,relay_mean_wait,relay_p95_wait,relay_throughput_vph,fixed_equal_mean_wait,fixed_equal_p95_wait,fixed_equal_throughput_vph,fixed_webster_mean_wait,fixed_webster_p95_wait,fixed_webster_throughput_vph
4-way,asymmetric,0.4,511.2,25,0.0,58.8,45.54,4.231,11.1,517.632,10.298,23.38,516.672,7.801,21.08,518.016
4-way,asymmetric,0.6,766.8,25,0.0,55.34,40.71,4.906,12.02,778.368,11.02,23.56,780.192,8.309,22.62,779.136
4-way,asymmetric,0.8,1022.4,25,0.0,53.31,38.08,5.473,13.08,1019.136,11.772,24.0,1021.824,8.874,24.58,1021.44
4-way,asymmetric,1.0,1278.0,25,0.0,55.12,34.53,6.25,14.34,1275.744,13.979,30.02,1276.704,9.562,25.84,1274.4
4-way,asymmetric,1.2,1533.6,25,0.0,61.41,33.5,7.085,16.0,1543.296,18.818,47.12,1544.256,10.695,30.16,1541.472
4-way,asymmetric,1.4,1789.2,25,0.0,80.28,31.75,7.978,18.2,1801.824,45.651,126.26,1763.808,11.716,33.24,1803.84
4-way,asymmetric,1.6,2044.8,25,0.0,90.71,29.7,9.148,22.16,2053.152,103.028,267.62,1888.992,13.045,38.46,2055.552
4-way,asymmetric,1.8,2300.4,25,0.0,93.52,29.16,10.454,26.64,2306.496,165.848,409.62,1966.368,14.783,44.4,2315.808
4-way,balanced,0.4,512.6,25,0.0,47.65,45.27,5.232,11.66,526.176,10.012,23.32,525.216,9.595,20.86,525.216
4-way,balanced,0.6,769.0,25,0.0,42.51,39.14,6.025,13.02,781.44,10.502,23.38,781.248,9.91,20.98,782.112
4-way,balanced,0.8,1025.3,25,0.0,38.48,36.17,6.719,14.46,1043.904,10.938,23.5,1044.384,10.534,21.08,1042.944
4-way,balanced,1.0,1281.6,25,0.0,33.36,32.35,7.608,16.32,1291.296,11.421,23.58,1289.76,11.25,21.82,1290.624
4-way,balanced,1.2,1537.9,25,0.0,30.05,28.57,8.472,18.32,1539.072,12.125,24.04,1538.4,11.876,22.88,1534.176
4-way,balanced,1.4,1794.2,25,0.0,27.9,29.04,9.478,20.6,1777.728,13.162,26.1,1778.208,13.37,27.02,1773.024
4-way,balanced,1.6,2050.6,25,0.0,26.45,26.38,10.835,23.68,2036.448,14.764,30.46,2037.792,14.737,29.54,2037.312
4-way,balanced,1.8,2306.9,25,0.0,30.33,27.13,12.607,28.18,2292.096,18.186,41.32,2294.976,17.321,36.4,2286.528
4-way,single,0.4,511.2,25,0.0,61.3,44.29,4.384,11.22,517.632,11.35,23.6,518.208,7.885,22.36,517.248
4-way,single,0.6,766.8,25,0.0,63.4,40.97,5.215,12.54,771.648,14.458,32.94,772.992,8.852,23.42,772.512
4-way,single,0.8,1022.4,25,0.0,78.61,34.82,6.387,14.24,1033.056,34.869,78.92,1021.728,9.829,26.28,1031.328
4-way,single,1.0,1278.0,25,0.0,94.71,35.34,7.498,16.76,1290.24,146.504,326.06,1125.792,11.635,35.76,1281.984
4-way,single,1.2,1533.6,25,0.0,96.08,44.42,9.268,21.54,1533.12,239.173,542.46,1194.816,17.133,69.82,1537.056
4-way,single,1.4,1789.2,25,0.0,95.73,38.29,13.011,34.9,1801.728,305.002,703.58,1273.536,21.523,86.1,1793.76
4-way,single,1.6,2044.8,25,0.0,93.59,26.14,23.176,64.68,2059.296,360.309,836.7,1346.4,31.97,127.06,2043.84
4-way,single,1.8,2300.4,25,0.0,79.9,-30.06,81.1,191.86,2215.584,397.991,937.6,1421.76,61.449,173.98,2237.856
4-way,one_axis,0.4,460.8,25,0.0,68.17,51.89,3.365,9.88,468.96,10.62,23.36,468.96,7.003,17.96,468.96
4-way,one_axis,0.6,691.2,25,0.0,64.61,46.18,3.861,11.28,705.312,10.935,23.48,706.848,7.212,18.02,705.408
4-way,one_axis,0.8,921.6,25,0.0,63.36,42.52,4.394,11.78,929.664,12.053,24.22,930.144,7.672,19.76,929.472
4-way,one_axis,1.0,1152.0,25,0.0,64.92,38.79,4.922,12.58,1141.632,14.069,29.48,1142.976,8.063,19.48,1142.784
4-way,one_axis,1.2,1382.4,25,0.0,70.05,35.94,5.527,13.4,1385.568,18.855,42.52,1386.336,8.638,20.9,1385.76
4-way,one_axis,1.4,1612.8,25,0.0,83.0,34.37,6.182,14.6,1617.312,38.521,88.98,1599.168,9.438,23.36,1619.808
4-way,one_axis,1.6,1843.2,25,0.0,93.07,31.24,6.909,16.0,1840.224,105.296,221.02,1696.224,10.053,26.46,1842.432
4-way,one_axis,1.8,2073.6,25,0.0,95.93,29.0,7.724,18.4,2095.392,192.847,383.9,1735.2,10.879,30.38,2093.952
4-way,three_heavy,0.4,511.2,25,0.0,49.1,47.14,5.146,11.78,527.616,10.13,23.44,526.464,9.747,20.96,526.752
4-way,three_heavy,0.6,766.8,25,0.0,44.51,42.18,5.889,12.96,778.272,10.629,23.4,778.08,10.202,21.06,776.832
4-way,three_heavy,0.8,1022.4,25,0.0,40.45,38.61,6.798,14.8,1029.792,11.434,23.54,1030.656,11.093,21.56,1030.656
4-way,three_heavy,1.0,1278.0,25,0.0,36.92,34.56,7.587,16.44,1270.848,12.037,23.94,1269.888,11.609,23.1,1266.24
4-way,three_heavy,1.2,1533.6,25,0.0,33.21,34.34,8.801,19.52,1527.936,13.193,26.18,1528.8,13.423,26.7,1518.144
4-way,three_heavy,1.4,1789.2,25,0.0,35.6,34.57,10.336,23.02,1782.24,16.141,35.42,1782.816,15.828,32.4,1786.752
4-way,three_heavy,1.6,2044.8,25,0.0,44.27,35.68,12.41,28.2,2042.976,22.94,54.42,2042.688,19.428,41.28,2043.264
4-way,three_heavy,1.8,2300.4,25,0.0,60.96,34.98,15.643,36.3,2291.808,43.152,99.24,2252.448,24.078,50.3,2282.976
4-way,lopsided,0.4,504.0,25,0.0,55.82,45.4,4.658,11.52,513.408,10.59,23.4,513.408,8.549,24.2,512.256
4-way,lopsided,0.6,756.0,25,0.0,52.69,41.37,5.483,12.58,766.272,11.625,24.22,766.08,9.37,25.58,763.008
4-way,lopsided,0.8,1008.0,25,0.0,55.85,38.26,6.294,14.14,1012.032,14.489,33.36,1010.88,10.223,27.4,1007.424
4-way,lopsided,1.0,1260.0,25,0.0,72.94,34.1,7.326,16.12,1267.968,31.314,77.7,1258.848,11.142,29.72,1262.4
4-way,lopsided,1.2,1512.0,25,0.0,90.43,34.7,8.675,20.26,1520.064,99.282,254.8,1406.592,13.37,38.26,1525.44
4-way,lopsided,1.4,1764.0,25,0.0,93.9,34.1,10.523,26.1,1779.648,175.629,474.6,1504.32,16.077,46.12,1780.224
4-way,lopsided,1.6,2016.0,25,0.0,93.91,34.69,13.212,34.24,2002.176,219.689,604.18,1601.184,20.418,63.2,1999.968
4-way,lopsided,1.8,2268.0,25,0.0,91.44,30.93,22.179,62.12,2261.376,259.608,718.08,1714.08,32.559,105.36,2251.296
4-way,near_equal,0.4,512.6,25,0.0,47.08,45.43,5.273,11.74,526.176,10.003,23.22,524.832,9.7,21.12,524.256
4-way,near_equal,0.6,769.0,25,0.0,43.58,39.72,6.025,12.98,782.592,10.7,23.46,782.4,10.007,21.22,780.864
4-way,near_equal,0.8,1025.3,25,0.0,37.64,35.73,6.742,14.52,1042.944,10.831,23.5,1041.792,10.502,21.4,1040.16
4-way,near_equal,1.0,1281.6,25,0.0,35.0,32.85,7.533,16.06,1286.784,11.6,23.68,1286.304,11.229,22.1,1281.12
4-way,near_equal,1.2,1537.9,25,0.0,30.51,29.01,8.381,18.06,1535.04,12.068,23.86,1534.752,11.811,22.94,1538.88
4-way,near_equal,1.4,1794.2,25,0.0,28.49,28.78,9.401,20.44,1775.232,13.158,26.14,1775.808,13.212,26.38,1779.744
4-way,near_equal,1.6,2050.6,25,0.0,27.66,28.32,10.773,23.76,2033.28,14.938,31.96,2033.376,15.053,30.46,2031.168
4-way,near_equal,1.8,2306.9,25,0.0,32.26,27.48,12.701,28.54,2299.296,18.891,44.64,2298.72,17.54,37.46,2300.064
T,t_balanced,0.4,432.0,25,0.0,52.84,50.21,4.804,11.42,436.32,10.219,23.32,435.36,9.705,21.0,436.896
T,t_balanced,0.6,648.0,25,0.0,48.52,45.74,5.535,12.7,653.28,10.775,23.48,652.704,10.223,21.0,652.896
T,t_balanced,0.8,864.0,25,0.0,43.59,42.86,6.238,13.84,866.208,11.083,23.54,865.92,10.937,21.84,866.208
T,t_balanced,1.0,1080.0,25,0.0,39.68,39.71,7.077,15.44,1072.512,11.736,23.74,1073.76,11.755,23.04,1073.184
T,t_balanced,1.2,1296.0,25,0.0,37.2,37.5,8.135,17.86,1274.592,12.98,25.62,1272.672,13.043,26.24,1271.904
T,t_balanced,1.4,1512.0,25,0.0,37.34,37.72,9.12,20.56,1488.576,14.591,30.14,1487.136,14.662,30.2,1483.968
T,t_balanced,1.6,1728.0,25,0.0,42.06,38.25,10.662,24.28,1707.36,18.764,44.4,1707.744,17.41,37.06,1707.648
T,t_balanced,1.8,1944.0,25,0.0,48.38,36.9,12.941,29.98,1930.752,25.692,60.42,1923.36,20.583,43.08,1932.864
T,t_arterial,0.4,547.2,25,0.0,65.17,50.13,3.677,10.7,550.464,10.582,23.44,549.792,7.4,18.34,549.504
T,t_arterial,0.6,820.8,25,0.0,63.06,45.9,4.269,11.82,821.76,11.597,23.7,820.416,7.894,19.44,819.84
T,t_arterial,0.8,1094.4,25,0.0,63.81,44.93,4.835,12.52,1076.448,13.48,27.84,1077.024,8.794,22.12,1075.104
T,t_arterial,1.0,1368.0,25,0.0,68.82,40.62,5.842,14.14,1362.528,19.006,45.96,1364.064,9.863,25.96,1360.224
T,t_arterial,1.2,1641.6,25,0.0,81.97,36.25,6.915,16.2,1646.976,43.852,104.44,1617.12,10.882,27.96,1645.728
T,t_arterial,1.4,1915.2,25,0.0,93.36,33.53,8.103,19.5,1921.824,128.841,250.26,1725.408,12.242,33.4,1927.968
T,t_arterial,1.6,2188.8,25,0.0,95.37,32.02,9.71,24.28,2179.2,213.674,420.36,1761.216,14.329,39.14,2176.416
T,t_arterial,1.8,2462.4,25,0.0,95.6,29.19,12.579,32.76,2467.488,289.156,570.96,1796.544,17.851,52.78,2458.752
